t,mode,lf_0,lf_1,lf_2,rf_0,rf_1,rf_2,lb_0,lb_1,lb_2,rb_0,rb_1,rb_2,lf_fx,lf_fy,lf_fz,rf_fx,rf_fy,rf_fz,lb_fx,lb_fy,lb_fz,rb_fx,rb_fy,rb_fz
20512.3,1,0.0629916,1.00441,-0.288053,-0.0629855,-0.964592,0.248226,-0.0629928,0.953472,-0.288042,0.0629842,-0.953483,0.288051,0,0,-18.8337,0,0,-18.5889,0,0,-31.4111,0,0,-31.1663
20516.3,1,0.0629941,1.00445,-0.288123,-0.062988,-0.964632,0.248296,-0.0629954,0.953509,-0.288113,0.0629867,-0.95352,0.288121,0,0,-18.8749,0,0,-18.5984,0,0,-31.4016,0,0,-31.1251
20520.3,1,0.0629995,1.00451,-0.288236,-0.0629935,-0.964695,0.248409,-0.0630008,0.953568,-0.288226,0.0629921,-0.953579,0.288234,0,0,-18.9456,0,0,-18.6188,0,0,-31.3812,0,0,-31.0544
20524.2,1,0.0630049,1.00461,-0.288402,-0.0629989,-0.964788,0.248574,-0.0630062,0.953655,-0.288391,0.0629976,-0.953666,0.288399,0,0,-18.9801,0,0,-18.6735,0,0,-31.3265,0,0,-31.0199
20528.2,1,0.0630137,1.00472,-0.288608,-0.0630077,-0.964903,0.248781,-0.063015,0.953763,-0.288597,0.0630064,-0.953774,0.288606,0,0,-18.9027,0,0,-18.6742,0,0,-31.3258,0,0,-31.0973
20532.3,1,0.0630245,1.00486,-0.28886,-0.0630184,-0.965043,0.249033,-0.0630258,0.953896,-0.288849,0.0630171,-0.953907,0.288858,0,0,-18.8477,0,0,-18.6365,0,0,-31.3635,0,0,-31.1523
20536.2,1,0.0630372,1.00503,-0.289158,-0.0630311,-0.965209,0.249331,-0.0630385,0.954052,-0.289147,0.0630298,-0.954063,0.289156,0,0,-18.7984,0,0,-18.5436,0,0,-31.4564,0,0,-31.2016
20540.2,1,0.0630518,1.00522,-0.289502,-0.0630458,-0.965401,0.249674,-0.0630531,0.954232,-0.289491,0.0630445,-0.954243,0.2895,0,0,-18.7677,0,0,-18.4771,0,0,-31.5229,0,0,-31.2323
20544.2,1,0.0630684,1.00544,-0.289891,-0.063061,-0.9656,0.250031,-0.0630697,0.954436,-0.289881,0.0630611,-0.954447,0.289889,0,0,-18.7312,0,0,-18.4547,0,0,-31.5453,0,0,-31.2688
20548.3,1,0.063085,1.00566,-0.290281,-0.0630747,-0.965781,0.250355,-0.0630883,0.954664,-0.290316,0.0630796,-0.954675,0.290325,0,0,-18.7401,0,0,-18.4736,0,0,-31.5264,0,0,-31.2599
20552.3,1,0.0630996,1.00585,-0.290625,-0.0630864,-0.965936,0.250632,-0.0631088,0.954917,-0.290797,0.0631002,-0.954928,0.290806,0,0,-18.7378,0,0,-18.4368,0,0,-31.5632,0,0,-31.2622
20556.2,1,0.0631122,1.00601,-0.290923,-0.0630962,-0.966065,0.250864,-0.0631313,0.955193,-0.291324,0.0631227,-0.955204,0.291332,0,0,-18.7782,0,0,-18.5068,0,0,-31.4932,0,0,-31.2218
20560.2,1,0.0631229,1.00615,-0.291175,-0.0631041,-0.966169,0.25105,-0.0631558,0.955493,-0.291897,0.0631471,-0.955504,0.291905,0,0,-18.8154,0,0,-18.5641,0,0,-31.4359,0,0,-31.1846
20564.2,1,0.0631316,1.00627,-0.291382,-0.06311,-0.966247,0.25119,-0.0631822,0.955817,-0.292515,0.0631736,-0.955828,0.292523,0,0,-18.8423,0,0,-18.5772,0,0,-31.4228,0,0,-31.1577
20568.2,1,0.0631384,1.00636,-0.291542,-0.0631151,-0.966296,0.25128,-0.0632107,0.956165,-0.293179,0.063202,-0.956176,0.293187,0,0,-18.8788,0,0,-18.5992,0,0,-31.4008,0,0,-31.1212
20572.3,1,0.0631447,1.00642,-0.291652,-0.0631166,-0.966325,0.251331,-0.063241,0.956537,-0.293888,0.0632324,-0.956548,0.293896,0,0,-18.9295,0,0,-18.6594,0,0,-31.3406,0,0,-31.0705
20576.2,1,0.0631471,1.00646,-0.291723,-0.0631166,-0.966325,0.251331,-0.0632734,0.956933,-0.294643,0.0632648,-0.956944,0.294651,0,0,-18.9559,0,0,-18.6843,0,0,-31.3157,0,0,-31.0441
20580.4,1,0.0631474,1.00647,-0.291748,-0.0631136,-0.966305,0.251294,-0.0633078,0.957353,-0.295443,0.0632992,-0.957364,0.295452,0,0,-18.9831,0,0,-18.6983,0,0,-31.3017,0,0,-31.0169
20584.5,1,0.0631448,1.00647,-0.291731,-0.0631091,-0.966257,0.251207,-0.0633442,0.957797,-0.296289,0.0633356,-0.957808,0.296298,0,0,-19.0425,0,0,-18.751,0,0,-31.249,0,0,-30.9575
20588.5,1,0.0631421,1.00643,-0.291661,-0.0631044,-0.966179,0.251069,-0.0633826,0.958264,-0.297181,0.063374,-0.958275,0.297189,0,0,-19.0524,0,0,-18.7688,0,0,-31.2312,0,0,-30.9476
20592.5,1,0.0631366,1.00636,-0.291549,-0.0630967,-0.966078,0.250888,-0.063423,0.958756,-0.298117,0.0634144,-0.958767,0.298126,0,0,-19.1243,0,0,-18.8509,0,0,-31.1491,0,0,-30.8757
20596.4,1,0.0631312,1.00627,-0.291383,-0.063087,-0.965952,0.250661,-0.0634655,0.959271,-0.299099,0.0634568,-0.959282,0.299108,0,0,-19.1267,0,0,-18.8498,0,0,-31.1502,0,0,-30.8733
20600.4,1,0.0631224,1.00616,-0.291177,-0.0630753,-0.9658,0.250389,-0.0635099,0.95981,-0.300127,0.0635013,-0.959821,0.300135,0,0,-19.1253,0,0,-18.8402,0,0,-31.1598,0,0,-30.8747
20604.4,1,0.0631116,1.00602,-0.290925,-0.0630618,-0.965623,0.250071,-0.0635564,0.960372,-0.301199,0.0635478,-0.960383,0.301208,0,0,-19.1985,0,0,-18.9104,0,0,-31.0896,0,0,-30.8015
20608.4,1,0.0630988,1.00585,-0.290628,-0.0630462,-0.96542,0.249707,-0.063605,0.960959,-0.302317,0.0635963,-0.96097,0.302325,0,0,-19.1824,0,0,-18.9002,0,0,-31.0998,0,0,-30.8176
20612.4,1,0.0630853,1.00567,-0.29031,-0.0630298,-0.965204,0.24932,-0.0636556,0.961569,-0.303479,0.0636469,-0.96158,0.303488,0,0,-19.244,0,0,-18.9632,0,0,-31.0368,0,0,-30.756
20616.4,1,0.0630729,1.00551,-0.290017,-0.0630144,-0.965001,0.248956,-0.0637083,0.962202,-0.304687,0.0636996,-0.962214,0.304696,0,0,-19.234,0,0,-18.9522,0,0,-31.0478,0,0,-30.766
20620.4,1,0.0630624,1.00537,-0.28977,-0.0630009,-0.964823,0.248637,-0.0637631,0.96286,-0.30594,0.0637524,-0.962847,0.305903,0,0,-19.2215,0,0,-18.9316,0,0,-31.0684,0,0,-30.7785
20624.3,1,0.063054,1.00526,-0.289569,-0.0629894,-0.964671,0.248365,-0.0638179,0.963517,-0.307192,0.0638031,-0.963457,0.307064,0,0,-19.2974,0,0,-18.9761,0,0,-31.0239,0,0,-30.7026
20628.3,1,0.0630474,1.00517,-0.289414,-0.0629799,-0.964545,0.248138,-0.0638707,0.96415,-0.308398,0.063852,-0.964042,0.30818,0,0,-19.3295,0,0,-18.9712,0,0,-31.0288,0,0,-30.6705
20632.3,1,0.0630415,1.00511,-0.289309,-0.0629723,-0.964444,0.247958,-0.0639216,0.964759,-0.309558,0.0638989,-0.964603,0.309249,0,0,-19.3932,0,0,-19.0633,0,0,-30.9367,0,0,-30.6068
20636.3,1,0.0630386,1.00507,-0.289232,-0.0629662,-0.964363,0.247813,-0.0639706,0.965344,-0.310672,0.0639438,-0.96514,0.310272,0,0,-19.39,0,0,-19.134,0,0,-30.866,0,0,-30.61
20640.4,1,0.0630352,1.00503,-0.289153,-0.06296,-0.964282,0.247667,-0.0640177,0.965904,-0.311741,0.0639869,-0.965654,0.31125,0,0,-19.4225,0,0,-19.1365,0,0,-30.8635,0,0,-30.5775
20644.3,1,0.0630298,1.00496,-0.289038,-0.0629523,-0.964181,0.247486,-0.0640629,0.966441,-0.312763,0.064028,-0.966143,0.312181,0,0,-19.5331,0,0,-19.19,0,0,-30.81,0,0,-30.4669
20648.3,1,0.0630251,1.00488,-0.288888,-0.0629448,-0.964081,0.247307,-0.064106,0.966954,-0.313739,0.0640671,-0.966608,0.313067,0,0,-19.5315,0,0,-19.1798,0,0,-30.8202,0,0,-30.4685
20652.3,1,0.0630197,1.00481,-0.288761,-0.0629392,-0.964007,0.247174,-0.0641473,0.967442,-0.31467,0.0641043,-0.967049,0.313907,0,0,-19.5997,0,0,-19.2629,0,0,-30.7371,0,0,-30.4003
20656.3,1,0.0630153,1.00476,-0.288682,-0.0629345,-0.963961,0.24709,-0.0641865,0.967907,-0.315555,0.0641394,-0.967466,0.314702,0,0,-19.5423,0,0,-19.2976,0,0,-30.7024,0,0,-30.4577
20660.3,1,0.0630144,1.00474,-0.288645,-0.0629333,-0.963937,0.247047,-0.0642238,0.968348,-0.316394,0.0641727,-0.967859,0.315451,0,0,-19.5517,0,0,-19.2745,0,0,-30.7255,0,0,-30.4483
20664.3,1,0.0630161,1.00474,-0.288649,-0.0629333,-0.963937,0.247047,-0.0642591,0.968765,-0.317188,0.0642039,-0.968229,0.316154,0,0,-19.677,0,0,-19.3135,0,0,-30.6865,0,0,-30.323
20668.3,1,0.0630185,1.00478,-0.288706,-0.062937,-0.963964,0.247098,-0.0642924,0.969158,-0.317936,0.0642331,-0.968574,0.316812,0,0,-19.6932,0,0,-19.3108,0,0,-30.6892,0,0,-30.3068
20672.3,1,0.0630235,1.00483,-0.288805,-0.0629417,-0.964016,0.247192,-0.0643238,0.969526,-0.318639,0.0642604,-0.968895,0.317424,0,0,-19.7561,0,0,-19.4271,0,0,-30.5729,0,0,-30.2439
20676.3,1,0.0630285,1.00492,-0.288957,-0.0629466,-0.964077,0.247301,-0.0643531,0.969872,-0.319296,0.0642856,-0.969193,0.317991,0,0,-19.7393,0,0,-19.4625,0,0,-30.5375,0,0,-30.2607
20680.3,1,0.0630364,1.00502,-0.289143,-0.0629494,-0.964121,0.24738,-0.0643805,0.970193,-0.319907,0.0643088,-0.969467,0.318512,0,0,-19.758,0,0,-19.4578,0,0,-30.5422,0,0,-30.242
20684.2,1,0.063044,1.00512,-0.289323,-0.06295,-0.96414,0.247413,-0.0644058,0.97049,-0.320473,0.06433,-0.969717,0.318988,0,0,-19.9119,0,0,-19.4849,0,0,-30.5151,0,0,-30.0881
20688.3,1,0.0630497,1.0052,-0.289458,-0.0629513,-0.964157,0.247444,-0.0644291,0.970764,-0.320994,0.0643492,-0.969943,0.319418,0,0,-19.9385,0,0,-19.4561,0,0,-30.5439,0,0,-30.0615
20692.4,1,0.0630553,1.00525,-0.289556,-0.0629552,-0.964199,0.247519,-0.0644504,0.971013,-0.32147,0.0643664,-0.970145,0.319804,0,0,-19.9597,0,0,-19.5939,0,0,-30.4061,0,0,-30.0403
20696.3,1,0.0630605,1.00531,-0.289671,-0.0629595,-0.964269,0.247645,-0.0644697,0.971239,-0.3219,0.0643816,-0.970324,0.320143,0,0,-19.8501,0,0,-19.6854,0,0,-30.3146,0,0,-30.1499
20700.4,1,0.0630659,1.00541,-0.289838,-0.0629666,-0.964363,0.247813,-0.0644869,0.971441,-0.322284,0.0643948,-0.970478,0.320438,0,0,-19.8649,0,0,-19.6548,0,0,-30.3452,0,0,-30.1351
20704.3,1,0.0630747,1.00552,-0.290045,-0.0629758,-0.964483,0.248028,-0.0645021,0.97162,-0.322624,0.0644059,-0.970609,0.320687,0,0,-20.0708,0,0,-19.6198,0,0,-30.3802,0,0,-29.9292
20708.3,1,0.0630851,1.00566,-0.290288,-0.0629869,-0.964628,0.248288,-0.0645153,0.971774,-0.322918,0.064415,-0.970716,0.320891,0,0,-20.121,0,0,-19.5811,0,0,-30.4189,0,0,-29.879
20712.4,1,0.0630955,1.0058,-0.290531,-0.0629979,-0.964773,0.248549,-0.0645265,0.971905,-0.323167,0.064422,-0.9708,0.321049,0,0,-20.1398,0,0,-19.7443,0,0,-30.2557,0,0,-29.8602
20716.1,1,0.0631042,1.00591,-0.290739,-0.063007,-0.964894,0.248764,-0.0645356,0.972012,-0.323371,0.0644285,-0.970856,0.321158,0,0,-20.0509,0,0,-19.8475,0,0,-30.1525,0,0,-29.9491
20720.1,1,0.0631114,1.00601,-0.290908,-0.0630141,-0.964988,0.248934,-0.0645427,0.972095,-0.323529,0.064431,-0.970893,0.321228,0,0,-20.1161,0,0,-19.771,0,0,-30.229,0,0,-29.8839
20724.2,1,0.0631181,1.00609,-0.291066,-0.0630209,-0.965054,0.249053,-0.0645491,0.972151,-0.323638,0.0644326,-0.970903,0.321248,0,0,-20.2493,0,0,-19.7991,0,0,-30.2009,0,0,-29.7507
20728.2,1,0.0631261,1.0062,-0.291253,-0.0630257,-0.965117,0.249167,-0.0645517,0.972188,-0.323707,0.0644291,-0.970898,0.321235,0,0,-20.2568,0,0,-19.7696,0,0,-30.2304,0,0,-29.7432
20732.1,1,0.0631361,1.00633,-0.291486,-0.0630306,-0.965205,0.249322,-0.0645533,0.972198,-0.323727,0.064426,-0.970862,0.321167,0,0,-20.3056,0,0,-19.8609,0,0,-30.1391,0,0,-29.6944
20736.3,1,0.063148,1.00648,-0.291765,-0.0630389,-0.965314,0.249518,-0.0645498,0.972193,-0.323714,0.0644203,-0.970804,0.321055,0,0,-20.2453,0,0,-19.9142,0,0,-30.0858,0,0,-29.7547
20740.3,1,0.0631611,1.00665,-0.292069,-0.063048,-0.965433,0.249731,-0.0645466,0.972158,-0.323646,0.0644146,-0.970717,0.320892,0,0,-20.235,0,0,-19.9281,0,0,-30.0719,0,0,-29.765
20744.3,1,0.0631732,1.00681,-0.292354,-0.0630559,-0.965537,0.249918,-0.0645409,0.9721,-0.323535,0.0644054,-0.970611,0.320689,0,0,-20.3667,0,0,-19.9651,0,0,-30.0349,0,0,-29.6333
20748.1,1,0.0631833,1.00695,-0.292592,-0.0630618,-0.965615,0.250058,-0.0645352,0.972013,-0.323372,0.0643941,-0.97048,0.32044,0,0,-20.4191,0,0,-19.9248,0,0,-30.0752,0,0,-29.5809
20752.1,1,0.0631915,1.00705,-0.292785,-0.063067,-0.965665,0.250149,-0.064526,0.971906,-0.323169,0.0643809,-0.970325,0.320146,0,0,-20.4834,0,0,-20.0096,0,0,-29.9904,0,0,-29.5166
20756,1,0.0631977,1.00713,-0.292932,-0.0630685,-0.965694,0.250199,-0.0645147,0.971776,-0.32292,0.0643656,-0.970147,0.319806,0,0,-20.4273,0,0,-20.0501,0,0,-29.9499,0,0,-29.5727
20760,1,0.0632032,1.00719,-0.293029,-0.063069,-0.965699,0.250209,-0.0645014,0.971622,-0.322626,0.0643483,-0.969945,0.319421,0,0,-20.4048,0,0,-20.0475,0,0,-29.9525,0,0,-29.5952
20764.1,1,0.0632059,1.00723,-0.2931,-0.0630701,-0.965707,0.250224,-0.0644861,0.971443,-0.322287,0.064329,-0.969719,0.318991,0,0,-20.5069,0,0,-20.0678,0,0,-29.9322,0,0,-29.4931
20768.1,1,0.063209,1.00727,-0.293172,-0.0630725,-0.965744,0.250289,-0.0644687,0.971242,-0.321903,0.0643077,-0.96947,0.318516,0,0,-20.5205,0,0,-20.0344,0,0,-29.9656,0,0,-29.4795
20772,1,0.063214,1.00733,-0.293277,-0.0630777,-0.965803,0.250396,-0.0644494,0.971016,-0.321473,0.0642844,-0.969196,0.317995,0,0,-20.5458,0,0,-20.131,0,0,-29.869,0,0,-29.4542
20776.3,1,0.0632183,1.0074,-0.293415,-0.0630824,-0.965863,0.250504,-0.064428,0.970766,-0.320998,0.064259,-0.968899,0.317428,0,0,-20.524,0,0,-20.159,0,0,-29.841,0,0,-29.476
20780,1,0.0632247,1.00747,-0.293526,-0.0630845,-0.9659,0.25057,-0.0644045,0.970493,-0.320477,0.0642317,-0.968577,0.316816,0,0,-20.5573,0,0,-20.1389,0,0,-29.8611,0,0,-29.4427
20784.2,1,0.0632271,1.00751,-0.293597,-0.0630855,-0.965909,0.250585,-0.0643791,0.970196,-0.319912,0.0642023,-0.968232,0.316159,0,0,-20.6893,0,0,-20.1403,0,0,-29.8597,0,0,-29.3107
20788.1,1,0.0632275,1.00752,-0.293624,-0.0630817,-0.9659,0.250567,-0.0643517,0.969875,-0.3193,0.064171,-0.967863,0.315456,0,0,-20.6705,0,0,-20.1593,0,0,-29.8407,0,0,-29.3295
20792.2,1,0.063225,1.00751,-0.293608,-0.0630788,-0.965857,0.250491,-0.0643222,0.96953,-0.318644,0.0641377,-0.96747,0.314708,0,0,-20.6765,0,0,-20.2677,0,0,-29.7323,0,0,-29.3235
20796,1,0.0632223,1.00747,-0.293539,-0.0630731,-0.965792,0.250373,-0.0642908,0.969162,-0.317941,0.0641024,-0.967053,0.313913,0,0,-20.6541,0,0,-20.2757,0,0,-29.7243,0,0,-29.3459
20800,1,0.0632168,1.00741,-0.293428,-0.0630675,-0.965695,0.250201,-0.0642574,0.968769,-0.317194,0.0640652,-0.966613,0.313074,0,0,-20.6992,0,0,-20.2066,0,0,-29.7934,0,0,-29.3008
20804.2,1,0.0632114,1.00732,-0.293263,-0.0630584,-0.965577,0.249989,-0.064222,0.968352,-0.3164,0.0640259,-0.966148,0.312188,0,0,-20.7751,0,0,-20.2354,0,0,-29.7646,0,0,-29.2249
20808.2,1,0.0632026,1.00721,-0.293059,-0.0630474,-0.965433,0.249732,-0.0641846,0.967912,-0.315561,0.0639847,-0.965659,0.311257,0,0,-20.7517,0,0,-20.2436,0,0,-29.7564,0,0,-29.2483
20812.1,1,0.063192,1.00707,-0.29281,-0.0630346,-0.965266,0.249431,-0.0641452,0.967447,-0.314677,0.0639416,-0.965146,0.31028,0,0,-20.7682,0,0,-20.3104,0,0,-29.6896,0,0,-29.2318
20816.1,1,0.06318,1.00691,-0.29253,-0.06302,-0.965075,0.249089,-0.0641039,0.966959,-0.313746,0.0638965,-0.964609,0.309257,0,0,-20.7548,0,0,-20.3103,0,0,-29.6897,0,0,-29.2452
20820.4,1,0.0631672,1.00674,-0.292231,-0.063004,-0.964865,0.248712,-0.0640606,0.966447,-0.31277,0.0638495,-0.964048,0.308188,0,0,-20.7713,0,0,-20.2831,0,0,-29.7169,0,0,-29.2287
20824.1,1,0.0631531,1.00656,-0.291902,-0.0629873,-0.964645,0.248318,-0.0640154,0.96591,-0.311748,0.0638006,-0.963463,0.307073,0,0,-20.8451,0,0,-20.2911,0,0,-29.7089,0,0,-29.1549
20828,1,0.0631371,1.00635,-0.291528,-0.06297,-0.964418,0.247911,-0.0639682,0.96535,-0.310681,0.0637497,-0.962854,0.305912,0,0,-20.8419,0,0,-20.2965,0,0,-29.7035,0,0,-29.1581
20832,1,0.0631191,1.00612,-0.291107,-0.0629514,-0.964173,0.247471,-0.0639191,0.964765,-0.309567,0.0636969,-0.96222,0.304705,0,0,-20.836,0,0,-20.3827,0,0,-29.6173,0,0,-29.164
20836.2,1,0.0630992,1.00586,-0.290641,-0.0629308,-0.963902,0.246986,-0.0638681,0.964156,-0.308407,0.0636423,-0.961563,0.303452,0,0,-20.8227,0,0,-20.3978,0,0,-29.6022,0,0,-29.1773
20840.2,1,0.0630774,1.00557,-0.290129,-0.0629083,-0.963606,0.246454,-0.0638151,0.963524,-0.307201,0.0635857,-0.960881,0.302152,0,0,-20.8688,0,0,-20.3478,0,0,-29.6522,0,0,-29.1312
20844.1,1,0.0630536,1.00526,-0.289571,-0.0628838,-0.963284,0.245877,-0.0637603,0.962867,-0.305949,0.0635273,-0.960175,0.300806,0,0,-20.9439,0,0,-20.3425,0,0,-29.6575,0,0,-29.0561
20848.4,1,0.0630279,1.00492,-0.288967,-0.0628575,-0.962937,0.245253,-0.0637035,0.962185,-0.304651,0.063467,-0.959444,0.299414,0,0,-20.92,0,0,-20.3609,0,0,-29.6391,0,0,-29.08
20852.3,1,0.0630007,1.00457,-0.288328,-0.0628292,-0.962563,0.244583,-0.0636449,0.96148,-0.303307,0.0634048,-0.958689,0.297975,0,0,-20.9156,0,0,-20.4287,0,0,-29.5713,0,0,-29.0844
20856.3,1,0.0629735,1.00421,-0.287685,-0.062799,-0.962164,0.243868,-0.0635844,0.96075,-0.301916,0.0633408,-0.95791,0.29649,0,0,-20.9071,0,0,-20.4319,0,0,-29.5681,0,0,-29.0929
20860.1,1,0.0629473,1.00386,-0.287065,-0.0627669,-0.96174,0.243105,-0.063522,0.959996,-0.300478,0.063275,-0.957107,0.294958,0,0,-20.9483,0,0,-20.3876,0,0,-29.6124,0,0,-29.0517
20864.2,1,0.0629207,1.00351,-0.286437,-0.0627332,-0.961292,0.242302,-0.0634578,0.959218,-0.298995,0.0632084,-0.956292,0.293404,0,0,-21.0399,0,0,-20.3666,0,0,-29.6334,0,0,-28.9601
20868.1,1,0.0628922,1.00314,-0.285762,-0.0626981,-0.960826,0.241466,-0.0633918,0.958415,-0.297465,0.0631431,-0.955489,0.291874,0,0,-21.0413,0,0,-20.3771,0,0,-29.6229,0,0,-28.9587
20872.2,1,0.0628617,1.00273,-0.285041,-0.0626616,-0.96034,0.240594,-0.063326,0.957613,-0.295936,0.0630799,-0.954711,0.290389,0,0,-20.9754,0,0,-20.5035,0,0,-29.4965,0,0,-29.0246
20876,1,0.0628293,1.00231,-0.284274,-0.0626231,-0.959828,0.239675,-0.0632624,0.956834,-0.294451,0.063018,-0.953945,0.288929,0,0,-20.8973,0,0,-20.5605,0,0,-29.4395,0,0,-29.1027
20880,1,0.0627951,1.00185,-0.283461,-0.0625828,-0.959291,0.23871,-0.0632008,0.956079,-0.293011,0.0629553,-0.95317,0.28745,0,0,-20.9787,0,0,-20.4292,0,0,-29.5708,0,0,-29.0213
20883.9,1,0.0627589,1.00137,-0.282601,-0.0625427,-0.958755,0.237746,-0.0631413,0.955347,-0.291616,0.0628917,-0.952382,0.285947,0,0,-21.1097,0,0,-20.3067,0,0,-29.6933,0,0,-28.8903
20887.9,1,0.0627209,1.00087,-0.281695,-0.0625046,-0.958243,0.236828,-0.0630833,0.954632,-0.290252,0.0628293,-0.951605,0.284466,0,0,-21.1029,0,0,-20.2949,0,0,-29.7051,0,0,-28.8971
20892,1,0.0626809,1.00034,-0.280743,-0.0624676,-0.957746,0.235936,-0.0630268,0.953934,-0.288921,0.062769,-0.950852,0.28303,0,0,-20.9555,0,0,-20.4606,0,0,-29.5394,0,0,-29.0445
20896,1,0.062641,0.999807,-0.279787,-0.0624298,-0.957239,0.235024,-0.0629724,0.95326,-0.287636,0.0627107,-0.950123,0.281639,0,0,-20.8328,0,0,-20.5822,0,0,-29.4178,0,0,-29.1672
20899.9,1,0.0626029,0.999298,-0.278873,-0.0623901,-0.956706,0.234066,-0.06292,0.95261,-0.286395,0.0626544,-0.949418,0.280293,0,0,-20.9382,0,0,-20.4681,0,0,-29.5319,0,0,-29.0618
20904.1,1,0.0625649,0.998789,-0.27796,-0.0623486,-0.956147,0.233062,-0.0628687,0.951972,-0.285179,0.0626002,-0.948736,0.278992,0,0,-21.1567,0,0,-20.2503,0,0,-29.7497,0,0,-28.8433
20908,1,0.0625249,0.998255,-0.277,-0.0623052,-0.955563,0.232011,-0.0628165,0.951323,-0.28394,0.062548,-0.948078,0.277737,0,0,-21.1768,0,0,-20.2212,0,0,-29.7788,0,0,-28.8232
20912.2,1,0.062483,0.997695,-0.275993,-0.0622599,-0.954952,0.230913,-0.0627641,0.950669,-0.282692,0.0624977,-0.947444,0.276527,0,0,-20.954,0,0,-20.4338,0,0,-29.5662,0,0,-29.046
20916.1,1,0.062441,0.99713,-0.27498,-0.0622129,-0.954315,0.229769,-0.0627133,0.950034,-0.281481,0.0624489,-0.946827,0.27535,0,0,-20.7862,0,0,-20.6034,0,0,-29.3966,0,0,-29.2138
20919.9,1,0.0624007,0.996588,-0.274005,-0.062164,-0.953653,0.228578,-0.0626646,0.949422,-0.280314,0.0624011,-0.946221,0.274193,0,0,-21.0274,0,0,-20.34,0,0,-29.66,0,0,-28.9726
20923.8,1,0.0623604,0.996045,-0.273029,-0.0621152,-0.95299,0.227386,-0.0626178,0.948835,-0.279193,0.0623546,-0.945631,0.273068,0,0,-21.1963,0,0,-20.1445,0,0,-29.8555,0,0,-28.8037
20928,1,0.0623182,0.995477,-0.272008,-0.0620685,-0.952353,0.226239,-0.062573,0.948271,-0.278118,0.0623102,-0.945066,0.271989,0,0,-21.1713,0,0,-20.161,0,0,-29.839,0,0,-28.8287
20932,1,0.0622742,0.994882,-0.27094,-0.0620237,-0.951741,0.225139,-0.0625303,0.947731,-0.277088,0.0622677,-0.944524,0.270955,0,0,-20.8758,0,0,-20.4148,0,0,-29.5852,0,0,-29.1242
20936,1,0.0622303,0.994288,-0.269871,-0.0619789,-0.951129,0.224037,-0.0624894,0.947216,-0.276104,0.0622252,-0.943983,0.269922,0,0,-20.7152,0,0,-20.5602,0,0,-29.4398,0,0,-29.2848
20939.9,1,0.0621884,0.993719,-0.268847,-0.0619323,-0.950491,0.22289,-0.0624506,0.946724,-0.275165,0.0621809,-0.943417,0.268842,0,0,-20.8676,0,0,-20.3968,0,0,-29.6032,0,0,-29.1324
20943.9,1,0.0621465,0.993149,-0.267824,-0.0618858,-0.949853,0.221741,-0.0624119,0.946234,-0.27423,0.0621366,-0.942851,0.267761,0,0,-21.1897,0,0,-20.0495,0,0,-29.9505,0,0,-28.8103
20948.1,1,0.0621027,0.992554,-0.266754,-0.0618412,-0.94924,0.220638,-0.0623714,0.945721,-0.273251,0.0620944,-0.942309,0.266725,0,0,-21.2443,0,0,-20.0165,0,0,-29.9835,0,0,-28.7557
20952,1,0.0620571,0.991933,-0.265637,-0.0617979,-0.948644,0.219564,-0.062331,0.945208,-0.272272,0.0620541,-0.94179,0.265736,0,0,-20.8286,0,0,-20.4139,0,0,-29.5861,0,0,-29.1714
20955.8,1,0.0620116,0.991312,-0.264519,-0.0617539,-0.948038,0.218473,-0.0622926,0.944718,-0.271338,0.0620141,-0.941276,0.264754,0,0,-20.5744,0,0,-20.6814,0,0,-29.3186,0,0,-29.4256
20959.8,1,0.0619681,0.990716,-0.263447,-0.0617081,-0.947405,0.217334,-0.0622561,0.944253,-0.27045,0.0619726,-0.940742,0.263734,0,0,-20.8425,0,0,-20.3943,0,0,-29.6057,0,0,-29.1575
20964.1,1,0.0619246,0.990121,-0.262375,-0.0616624,-0.946773,0.216195,-0.0622196,0.943788,-0.269562,0.0619312,-0.940207,0.262713,0,0,-21.2697,0,0,-19.9241,0,0,-30.0759,0,0,-28.7303
20968.2,1,0.0618792,0.989499,-0.261256,-0.0616187,-0.946166,0.215102,-0.0621813,0.943299,-0.268628,0.0618917,-0.939697,0.261738,0,0,-21.2884,0,0,-19.9016,0,0,-30.0984,0,0,-28.7116
20971.9,1,0.0618339,0.988877,-0.260136,-0.0615768,-0.945583,0.214052,-0.062143,0.942809,-0.267693,0.0618542,-0.93921,0.260809,0,0,-20.7504,0,0,-20.4074,0,0,-29.5926,0,0,-29.2496
20975.8,1,0.0617907,0.98828,-0.259062,-0.0615347,-0.944999,0.212998,-0.0621067,0.942343,-0.266804,0.0618167,-0.938724,0.25988,0,0,-20.4456,0,0,-20.718,0,0,-29.282,0,0,-29.5544
20979.9,1,0.0617494,0.987709,-0.258034,-0.0614908,-0.944388,0.211898,-0.0620724,0.941901,-0.26596,0.0617773,-0.938213,0.258904,0,0,-21.0485,0,0,-20.1118,0,0,-29.8882,0,0,-28.9515
20984,1,0.061708,0.987138,-0.257005,-0.0614471,-0.943778,0.210797,-0.062038,0.94146,-0.265117,0.061738,-0.937701,0.257928,0,0,-21.3252,0,0,-19.8045,0,0,-30.1955,0,0,-28.6748
20987.9,1,0.0616649,0.986542,-0.25593,-0.0614053,-0.943192,0.209743,-0.0620018,0.940994,-0.264227,0.0617006,-0.937214,0.256997,0,0,-21.2437,0,0,-19.8945,0,0,-30.1055,0,0,-28.7563
20991.8,1,0.0616218,0.985944,-0.254855,-0.0613636,-0.942609,0.208691,-0.0619656,0.940527,-0.263337,0.0616652,-0.936751,0.256113,0,0,-20.6677,0,0,-20.4479,0,0,-29.5521,0,0,-29.3323
20995.8,1,0.0615807,0.985373,-0.253825,-0.0613202,-0.942001,0.207595,-0.0619314,0.940085,-0.262492,0.0616298,-0.936288,0.255228,0,0,-20.4178,0,0,-20.7047,0,0,-29.2953,0,0,-29.5822
21000,1,0.0615415,0.984827,-0.252841,-0.0612751,-0.941368,0.206452,-0.0618991,0.939667,-0.261694,0.0615925,-0.9358,0.254297,0,0,-20.8895,0,0,-20.2162,0,0,-29.7838,0,0,-29.1105
21003.9,1,0.0615023,0.984281,-0.251857,-0.06123,-0.940734,0.205308,-0.0618668,0.939249,-0.260895,0.0615552,-0.935313,0.253365,0,0,-21.3612,0,0,-19.7119,0,0,-30.2881,0,0,-28.6388
21007.9,1,0.0614612,0.983709,-0.250826,-0.0611869,-0.940125,0.204211,-0.0618326,0.938806,-0.26005,0.06152,-0.934849,0.252479,0,0,-21.2364,0,0,-19.8381,0,0,-30.1619,0,0,-28.7636
21011.8,1,0.0614203,0.983137,-0.249794,-0.0611457,-0.939543,0.203159,-0.0617985,0.938364,-0.259205,0.0614866,-0.934409,0.25164,0,0,-20.5929,0,0,-20.4565,0,0,-29.5435,0,0,-29.4071
21015.9,1,0.0613813,0.98259,-0.248809,-0.0611045,-0.93896,0.202107,-0.0617664,0.937945,-0.258405,0.0614532,-0.93397,0.2508,0,0,-20.5077,0,0,-20.546,0,0,-29.454,0,0,-29.4923
21020,1,0.0613442,0.982069,-0.24787,-0.0610615,-0.938351,0.201009,-0.0617361,0.93755,-0.257652,0.0614182,-0.933509,0.249919,0,0,-20.8578,0,0,-20.1914,0,0,-29.8086,0,0,-29.1422
21023.8,1,0.0613071,0.981548,-0.24693,-0.0610186,-0.937742,0.199909,-0.0617059,0.937156,-0.256899,0.0613834,-0.93305,0.249042,0,0,-21.3437,0,0,-19.6808,0,0,-30.3192,0,0,-28.6563
21027.9,1,0.0612681,0.981002,-0.245944,-0.0609776,-0.937159,0.198856,-0.0616737,0.936737,-0.256099,0.0613506,-0.932615,0.248211,0,0,-21.2491,0,0,-19.7791,0,0,-30.2209,0,0,-28.7509
21032.1,1,0.0612286,0.980446,-0.244941,-0.0609385,-0.936601,0.197849,-0.0616416,0.936318,-0.255298,0.0613197,-0.932204,0.247427,0,0,-20.6078,0,0,-20.3997,0,0,-29.6003,0,0,-29.3922
21035.9,1,0.0611904,0.979907,-0.243968,-0.0608994,-0.936043,0.196842,-0.0616115,0.935923,-0.254544,0.0612887,-0.931794,0.246643,0,0,-20.3371,0,0,-20.6763,0,0,-29.3237,0,0,-29.6629
21039.9,1,0.0611541,0.979393,-0.243042,-0.0608585,-0.935459,0.195787,-0.0615833,0.935553,-0.253836,0.0612559,-0.931359,0.245811,0,0,-20.8053,0,0,-20.1972,0,0,-29.8028,0,0,-29.1947
21043.7,1,0.0611178,0.97888,-0.242115,-0.0608177,-0.934875,0.194732,-0.061555,0.935182,-0.253128,0.0612232,-0.930924,0.24498,0,0,-21.3526,0,0,-19.6259,0,0,-30.3741,0,0,-28.6474
21047.7,1,0.0610797,0.97834,-0.241142,-0.0607788,-0.934317,0.193723,-0.0615249,0.934787,-0.252373,0.0611923,-0.930513,0.244195,0,0,-21.2709,0,0,-19.7115,0,0,-30.2885,0,0,-28.7291
21052,1,0.0610417,0.977801,-0.240167,-0.0607418,-0.933784,0.192761,-0.0614948,0.934392,-0.251618,0.0611634,-0.930126,0.243456,0,0,-20.4253,0,0,-20.5409,0,0,-29.4591,0,0,-29.5747
21056.1,1,0.0610055,0.977286,-0.23924,-0.0607047,-0.933252,0.191799,-0.0614667,0.934021,-0.250909,0.0611344,-0.92974,0.242717,0,0,-20.2894,0,0,-20.6799,0,0,-29.3201,0,0,-29.7106
21060,1,0.0609713,0.976798,-0.238358,-0.0606659,-0.932693,0.190789,-0.0614404,0.933674,-0.250247,0.0611036,-0.929329,0.241931,0,0,-20.8337,0,0,-20.1274,0,0,-29.8726,0,0,-29.1663
21064,1,0.060937,0.97631,-0.237476,-0.0606271,-0.932134,0.189779,-0.0614142,0.933327,-0.249584,0.0610728,-0.928917,0.241145,0,0,-21.3806,0,0,-19.5607,0,0,-30.4393,0,0,-28.6194
21067.9,1,0.0609009,0.975796,-0.236548,-0.0605903,-0.931601,0.188815,-0.061386,0.932956,-0.248875,0.061044,-0.92853,0.240405,0,0,-20.9801,0,0,-19.9677,0,0,-30.0323,0,0,-29.0199
21072,1,0.0608649,0.975281,-0.235618,-0.0605548,-0.931087,0.187886,-0.0613579,0.932585,-0.248166,0.061016,-0.928154,0.239687,0,0,-20.5466,0,0,-20.3843,0,0,-29.6157,0,0,-29.4534
21075.8,1,0.0608308,0.974793,-0.234736,-0.0605189,-0.930568,0.186946,-0.0613318,0.932238,-0.247502,0.060987,-0.927766,0.238944,0,0,-20.3437,0,0,-20.592,0,0,-29.408,0,0,-29.6563
21079.8,1,0.0607986,0.97433,-0.233899,-0.0604812,-0.930022,0.185959,-0.0613075,0.931915,-0.246886,0.0609563,-0.927353,0.238154,0,0,-21.0958,0,0,-19.842,0,0,-30.158,0,0,-28.9042
21083.8,1,0.0607663,0.973867,-0.233063,-0.0604436,-0.929475,0.184971,-0.0612831,0.931592,-0.246269,0.0609255,-0.926939,0.237364,0,0,-21.3638,0,0,-19.559,0,0,-30.441,0,0,-28.6362
21087.7,1,0.0607322,0.973378,-0.23218,-0.0604079,-0.928955,0.18403,-0.0612569,0.931245,-0.245606,0.0608967,-0.92655,0.23662,0,0,-21.1599,0,0,-19.7649,0,0,-30.2351,0,0,-28.8401
21091.8,1,0.0606982,0.972889,-0.231296,-0.060374,-0.928461,0.183135,-0.0612308,0.930897,-0.244942,0.0608698,-0.926185,0.235923,0,0,-20.5414,0,0,-20.3706,0,0,-29.6294,0,0,-29.4586
21096.1,1,0.0606661,0.972425,-0.230458,-0.0603402,-0.927966,0.18224,-0.0612066,0.930574,-0.244324,0.0608428,-0.92582,0.235225,0,0,-20.3641,0,0,-20.5489,0,0,-29.4511,0,0,-29.6359
21100,1,0.0606358,0.971988,-0.229667,-0.0603045,-0.927445,0.181298,-0.0611842,0.930276,-0.243753,0.0608139,-0.925431,0.234481,0,0,-20.8773,0,0,-20.0239,0,0,-29.9761,0,0,-29.1227
21103.9,1,0.0606055,0.97155,-0.228876,-0.0602689,-0.926925,0.180355,-0.0611618,0.929977,-0.243183,0.0607852,-0.925042,0.233736,0,0,-21.367,0,0,-19.5203,0,0,-30.4797,0,0,-28.633
21107.9,1,0.0605734,0.971087,-0.228038,-0.0602351,-0.926429,0.179459,-0.0611376,0.929654,-0.242565,0.0607583,-0.924676,0.233038,0,0,-21.2098,0,0,-19.6818,0,0,-30.3182,0,0,-28.7902
21111.8,1,0.0605414,0.970623,-0.2272,-0.0602032,-0.92596,0.17861,-0.0611123,0.929317,-0.241921,0.0607328,-0.92433,0.232375,0,0,-20.4095,0,0,-20.4759,0,0,-29.5241,0,0,-29.5905
21115.8,1,0.0605112,0.970185,-0.226408,-0.0601713,-0.925491,0.177761,-0.0610879,0.92899,-0.241296,0.0607068,-0.923977,0.2317,0,0,-20.496,0,0,-20.3966,0,0,-29.6034,0,0,-29.504
21119.7,1,0.0604829,0.969773,-0.225663,-0.0601378,-0.924998,0.176868,-0.0610654,0.928687,-0.240718,0.060679,-0.923599,0.230978,0,0,-21.1065,0,0,-19.7952,0,0,-30.2048,0,0,-28.8935
21123.7,1,0.0604545,0.969361,-0.224918,-0.0601044,-0.924507,0.175979,-0.0610428,0.928385,-0.24014,0.0606512,-0.923221,0.230255,0,0,-21.3439,0,0,-19.553,0,0,-30.447,0,0,-28.6561
21127.9,1,0.0604244,0.968923,-0.224126,-0.060073,-0.924042,0.175136,-0.0610184,0.928058,-0.239515,0.0606254,-0.922868,0.229579,0,0,-20.9437,0,0,-19.9544,0,0,-30.0456,0,0,-29.0563
21131.9,1,0.0603943,0.968485,-0.223333,-0.0600432,-0.923601,0.174338,-0.060994,0.927731,-0.23889,0.0605995,-0.922514,0.228903,0,0,-20.5818,0,0,-20.311,0,0,-29.689,0,0,-29.4182
21135.8,1,0.0603661,0.968073,-0.222587,-0.0600133,-0.923159,0.173537,-0.0609716,0.927428,-0.238311,0.0605718,-0.922136,0.22818,0,0,-20.4456,0,0,-20.4455,0,0,-29.5545,0,0,-29.5544
21139.8,1,0.0603397,0.967686,-0.221888,-0.0599819,-0.922694,0.172696,-0.0609507,0.927146,-0.237772,0.0605427,-0.921739,0.22742,0,0,-20.9421,0,0,-19.957,0,0,-30.043,0,0,-29.0579
21143.9,1,0.0603132,0.9673,-0.221188,-0.0599508,-0.922233,0.17186,-0.0609295,0.926861,-0.237227,0.060514,-0.921346,0.22667,0,0,-21.3358,0,0,-19.5671,0,0,-30.4329,0,0,-28.6642
21147.7,1,0.060285,0.966888,-0.220442,-0.0599215,-0.921798,0.171071,-0.0609064,0.926551,-0.236635,0.0604873,-0.920978,0.225966,0,0,-21.1702,0,0,-19.7331,0,0,-30.2669,0,0,-28.8298
21151.7,1,0.0602568,0.966475,-0.219695,-0.059894,-0.921388,0.170329,-0.0608818,0.92622,-0.236,0.060462,-0.92063,0.2253,0,0,-20.5932,0,0,-20.3117,0,0,-29.6883,0,0,-29.4068
21155.6,1,0.0602305,0.966088,-0.218995,-0.0598665,-0.920979,0.169588,-0.0608574,0.92589,-0.23537,0.0604363,-0.920277,0.224626,0,0,-20.427,0,0,-20.4777,0,0,-29.5223,0,0,-29.573
21159.8,1,0.060206,0.965728,-0.218342,-0.0598373,-0.920544,0.168799,-0.0608349,0.925585,-0.234787,0.0604088,-0.9199,0.223904,0,0,-21.1265,0,0,-19.7931,0,0,-30.2069,0,0,-28.8735
21163.9,1,0.0601815,0.965367,-0.217689,-0.059808,-0.920108,0.168009,-0.0608123,0.92528,-0.234204,0.0603814,-0.919523,0.223182,0,0,-21.3866,0,0,-19.5429,0,0,-30.4571,0,0,-28.6134
21167.7,1,0.0601551,0.96498,-0.216989,-0.0597807,-0.919698,0.167266,-0.0607879,0.92495,-0.233573,0.0603559,-0.919169,0.222506,0,0,-21.2249,0,0,-19.7052,0,0,-30.2948,0,0,-28.7751
21171.7,1,0.0601288,0.964593,-0.216289,-0.0597551,-0.919315,0.166571,-0.060763,0.924612,-0.232927,0.0603311,-0.918827,0.221852,0,0,-20.5139,0,0,-20.4242,0,0,-29.5758,0,0,-29.4861
21175.7,1,0.0601044,0.964232,-0.215635,-0.0597295,-0.918931,0.165876,-0.0607393,0.92429,-0.232312,0.0603054,-0.918471,0.221171,0,0,-20.4385,0,0,-20.4982,0,0,-29.5018,0,0,-29.5615
21179.8,1,0.0600818,0.963897,-0.215028,-0.0597021,-0.918522,0.165133,-0.0607175,0.923993,-0.231743,0.0602778,-0.91809,0.220442,0,0,-21.1906,0,0,-19.754,0,0,-30.246,0,0,-28.8094
21183.8,1,0.0600591,0.963562,-0.214422,-0.0596747,-0.918112,0.164389,-0.0606957,0.923696,-0.231175,0.0602503,-0.917709,0.219713,0,0,-21.4165,0,0,-19.5436,0,0,-30.4564,0,0,-28.5835
21187.8,1,0.0600346,0.963201,-0.213768,-0.0596492,-0.917728,0.163693,-0.060672,0.923374,-0.230559,0.0602247,-0.917353,0.219031,0,0,-21.2241,0,0,-19.7368,0,0,-30.2632,0,0,-28.7759
21191.8,1,0.0600102,0.96284,-0.213114,-0.0596252,-0.917366,0.163037,-0.0606477,0.923043,-0.229927,0.0601998,-0.917008,0.218371,0,0,-20.5256,0,0,-20.4531,0,0,-29.5469,0,0,-29.4744
21195.7,1,0.0599876,0.962505,-0.212507,-0.0596009,-0.917,0.162373,-0.0606246,0.922728,-0.229325,0.060174,-0.916649,0.217684,0,0,-20.6582,0,0,-20.3248,0,0,-29.6752,0,0,-29.3418
21199.9,1,0.0599668,0.962196,-0.211947,-0.0595751,-0.916612,0.161669,-0.060603,0.922432,-0.228759,0.060147,-0.916274,0.216968,0,0,-21.0387,0,0,-19.9486,0,0,-30.0514,0,0,-28.9613
21203.8,1,0.059946,0.961887,-0.211387,-0.0595496,-0.916228,0.160973,-0.0605809,0.92213,-0.228181,0.0601208,-0.915909,0.216268,0,0,-21.4292,0,0,-19.5809,0,0,-30.4191,0,0,-28.5708
21207.7,1,0.0599234,0.961552,-0.210779,-0.059526,-0.91587,0.160323,-0.0605569,0.921803,-0.227556,0.0600964,-0.915567,0.215615,0,0,-21.0254,0,0,-19.9829,0,0,-30.0171,0,0,-28.9746
21211.6,1,0.0599008,0.961216,-0.210172,-0.0595032,-0.915525,0.159697,-0.0605331,0.921476,-0.226931,0.060072,-0.915226,0.214962,0,0,-20.5942,0,0,-20.4334,0,0,-29.5666,0,0,-29.4058
21215.9,1,0.0598801,0.960907,-0.209611,-0.0594795,-0.915167,0.159048,-0.0605111,0.921174,-0.226352,0.0600458,-0.91486,0.214262,0,0,-20.755,0,0,-20.273,0,0,-29.727,0,0,-29.245
21219.8,1,0.0598612,0.960624,-0.209098,-0.0594559,-0.914809,0.158398,-0.0604894,0.920876,-0.225783,0.0600195,-0.914493,0.213559,0,0,-21.2831,0,0,-19.7488,0,0,-30.2512,0,0,-28.7169
21223.9,1,0.0598422,0.960341,-0.208585,-0.059434,-0.914477,0.157796,-0.0604663,0.920559,-0.225177,0.059995,-0.914148,0.2129,0,0,-21.4648,0,0,-19.5905,0,0,-30.4095,0,0,-28.5352
21227.7,1,0.0598214,0.960032,-0.208024,-0.0594139,-0.914172,0.157241,-0.0604414,0.920218,-0.224523,0.0599723,-0.913828,0.212288,0,0,-20.9158,0,0,-20.1481,0,0,-29.8519,0,0,-29.0842
21231.7,1,0.0598006,0.959722,-0.207463,-0.0593938,-0.913866,0.156686,-0.0604165,0.919876,-0.223869,0.0599495,-0.913509,0.211676,0,0,-20.6392,0,0,-20.4536,0,0,-29.5464,0,0,-29.3608
21235.8,1,0.0597817,0.959439,-0.20695,-0.0593719,-0.913534,0.156084,-0.0603935,0.919558,-0.223262,0.0599249,-0.913164,0.211016,0,0,-20.7281,0,0,-20.3661,0,0,-29.6339,0,0,-29.2719
21239.7,1,0.0597631,0.95916,-0.206444,-0.0593501,-0.913202,0.155481,-0.0603713,0.919251,-0.222675,0.0599003,-0.912818,0.210354,0,0,-21.4017,0,0,-19.6936,0,0,-30.3064,0,0,-28.5983
21243.6,1,0.059743,0.95886,-0.2059,-0.05933,-0.912896,0.154926,-0.060348,0.918931,-0.222061,0.0598775,-0.912496,0.209737,0,0,-21.3623,0,0,-19.7577,0,0,-30.2423,0,0,-28.6377
21247.6,1,0.0597212,0.958534,-0.205309,-0.0593118,-0.912617,0.154418,-0.060323,0.918585,-0.2214,0.0598564,-0.912198,0.209167,0,0,-20.8271,0,0,-20.2847,0,0,-29.7153,0,0,-29.1729
21251.7,1,0.0596994,0.958207,-0.204716,-0.0592934,-0.912337,0.15391,-0.060298,0.918239,-0.220739,0.0598353,-0.9119,0.208597,0,0,-20.6119,0,0,-20.525,0,0,-29.475,0,0,-29.3881
21255.7,1,0.0596794,0.957907,-0.204172,-0.0592733,-0.912031,0.153355,-0.0602749,0.917918,-0.220125,0.0598124,-0.911577,0.20798,0,0,-21.0118,0,0,-20.1273,0,0,-29.8727,0,0,-28.9882
21259.7,1,0.0596597,0.95761,-0.203633,-0.0592533,-0.911725,0.152799,-0.0602517,0.917597,-0.21951,0.0597896,-0.911255,0.207362,0,0,-21.4466,0,0,-19.6972,0,0,-30.3028,0,0,-28.5534
21263.6,1,0.0596383,0.95729,-0.203053,-0.059235,-0.911445,0.152291,-0.0602267,0.917251,-0.218848,0.0597686,-0.910957,0.206791,0,0,-21.3054,0,0,-19.8685,0,0,-30.1315,0,0,-28.6946
21267.6,1,0.0596171,0.95697,-0.202473,-0.0592185,-0.911192,0.151831,-0.0602018,0.916905,-0.218186,0.0597485,-0.910671,0.206245,0,0,-20.7952,0,0,-20.3801,0,0,-29.6199,0,0,-29.2048
21271.7,1,0.0595976,0.956676,-0.201939,-0.059202,-0.910938,0.15137,-0.0601787,0.916583,-0.217571,0.0597275,-0.910374,0.205676,0,0,-20.7286,0,0,-20.4734,0,0,-29.5266,0,0,-29.2714
21275.6,1,0.0595799,0.956408,-0.201454,-0.0591836,-0.910659,0.150862,-0.0601575,0.916286,-0.217003,0.0597047,-0.910052,0.205059,0,0,-21.1693,0,0,-20.0305,0,0,-29.9695,0,0,-28.8307
21279.6,1,0.0595622,0.956141,-0.200968,-0.0591654,-0.910379,0.150354,-0.0601362,0.91599,-0.216435,0.059682,-0.909729,0.204442,0,0,-21.4325,0,0,-19.7673,0,0,-30.2327,0,0,-28.5675
21283.5,1,0.0595426,0.955847,-0.200435,-0.0591489,-0.910125,0.149893,-0.0601131,0.915668,-0.21582,0.0596612,-0.909432,0.203872,0,0,-21.2267,0,0,-20.0036,0,0,-29.9964,0,0,-28.7733
21287.8,1,0.0595232,0.955553,-0.199902,-0.0591324,-0.909871,0.149432,-0.06009,0.915346,-0.215203,0.0596407,-0.90914,0.203314,0,0,-20.7805,0,0,-20.4513,0,0,-29.5487,0,0,-29.2195
21291.7,1,0.0595055,0.955285,-0.199416,-0.0591141,-0.909592,0.148924,-0.0600687,0.915048,-0.214633,0.0596189,-0.90883,0.20272,0,0,-20.6845,0,0,-20.5766,0,0,-29.4234,0,0,-29.3155
21295.6,1,0.0594896,0.955043,-0.198978,-0.0590942,-0.909286,0.148368,-0.0600492,0.914774,-0.214109,0.0595953,-0.908495,0.202079,0,0,-21.1381,0,0,-20.1187,0,0,-29.8813,0,0,-28.8619
21299.6,1,0.0594736,0.954802,-0.198539,-0.0590743,-0.908979,0.147811,-0.0600297,0.914501,-0.213586,0.0595719,-0.90816,0.201437,0,0,-21.5112,0,0,-19.7428,0,0,-30.2572,0,0,-28.4888
21303.6,1,0.0594559,0.954534,-0.198053,-0.0590561,-0.908699,0.147302,-0.0600083,0.914203,-0.213015,0.0595502,-0.907849,0.200843,0,0,-21.2102,0,0,-20.0704,0,0,-29.9296,0,0,-28.7898
21307.7,1,0.0594382,0.954266,-0.197567,-0.0590394,-0.908441,0.146833,-0.0599871,0.913904,-0.212445,0.0595296,-0.907554,0.200278,0,0,-20.7513,0,0,-20.5284,0,0,-29.4716,0,0,-29.2487
21311.6,1,0.0594224,0.954024,-0.197128,-0.0590224,-0.908179,0.146357,-0.0599676,0.91363,-0.211921,0.0595084,-0.90725,0.199696,0,0,-20.8503,0,0,-20.4535,0,0,-29.5465,0,0,-29.1497
21315.6,1,0.0594082,0.953809,-0.196737,-0.0590039,-0.907893,0.145837,-0.0599491,0.913369,-0.211421,0.0594863,-0.906934,0.199091,0,0,-21.3474,0,0,-19.9525,0,0,-30.0475,0,0,-28.6526
21319.8,1,0.059394,0.953594,-0.196346,-0.0589855,-0.90761,0.145322,-0.0599296,0.913096,-0.210898,0.0594651,-0.90663,0.198509,0,0,-21.5133,0,0,-19.7886,0,0,-30.2114,0,0,-28.4867
21323.7,1,0.0593781,0.953352,-0.195908,-0.0589689,-0.907353,0.144854,-0.0599083,0.912798,-0.210327,0.0594458,-0.906352,0.197976,0,0,-21.1862,0,0,-20.1442,0,0,-29.8558,0,0,-28.8138
21327.7,1,0.0593619,0.953106,-0.19546,-0.0589525,-0.907098,0.144391,-0.0598872,0.9125,-0.209756,0.0594264,-0.906073,0.197442,0,0,-20.8098,0,0,-20.5247,0,0,-29.4753,0,0,-29.1902
21331.7,1,0.0593471,0.952881,-0.195052,-0.0589344,-0.906819,0.143884,-0.0598678,0.912226,-0.209233,0.0594052,-0.905769,0.196861,0,0,-20.7903,0,0,-20.5718,0,0,-29.4282,0,0,-29.2097
21335.6,1,0.0593334,0.952671,-0.194671,-0.0589162,-0.906537,0.143371,-0.0598501,0.911975,-0.208753,0.0593841,-0.905465,0.196278,0,0,-21.4548,0,0,-19.9089,0,0,-30.0911,0,0,-28.5452
21339.7,1,0.0593188,0.952449,-0.194268,-0.0588996,-0.906278,0.142901,-0.0598322,0.911722,-0.208269,0.0593647,-0.905185,0.195742,0,0,-21.5178,0,0,-19.8384,0,0,-30.1616,0,0,-28.4822
21343.8,1,0.0593025,0.952201,-0.193817,-0.0588846,-0.906045,0.142478,-0.0598125,0.911445,-0.207738,0.0593471,-0.90493,0.195253,0,0,-21.1002,0,0,-20.2674,0,0,-29.7326,0,0,-28.8998
21347.8,1,0.0592862,0.951952,-0.193367,-0.0588697,-0.905813,0.142055,-0.0597929,0.911167,-0.207207,0.0593294,-0.904675,0.194765,0,0,-20.8068,0,0,-20.5584,0,0,-29.4416,0,0,-29.1932
21351.9,1,0.0592717,0.95173,-0.192963,-0.0588529,-0.905554,0.141584,-0.0597751,0.910914,-0.206722,0.05931,-0.904395,0.194229,0,0,-20.8561,0,0,-20.5319,0,0,-29.4681,0,0,-29.1439
21355.6,1,0.0592576,0.951515,-0.192572,-0.0588363,-0.905295,0.141113,-0.0597575,0.910665,-0.206245,0.0592906,-0.904115,0.193692,0,0,-21.5384,0,0,-19.8573,0,0,-30.1427,0,0,-28.4616
21359.7,1,0.0592423,0.951281,-0.192147,-0.0588214,-0.905062,0.14069,-0.0597384,0.910395,-0.205728,0.059273,-0.903859,0.193203,0,0,-21.5008,0,0,-19.8989,0,0,-30.1011,0,0,-28.4992
21363.7,1,0.0592251,0.95102,-0.191673,-0.0588082,-0.904856,0.140315,-0.0597175,0.9101,-0.205163,0.0592572,-0.903629,0.192762,0,0,-21.0272,0,0,-20.3956,0,0,-29.6044,0,0,-28.9728
21367.8,1,0.0592081,0.950759,-0.191199,-0.058795,-0.90465,0.13994,-0.0596967,0.909804,-0.204597,0.0592413,-0.903398,0.192321,0,0,-20.8226,0,0,-20.6015,0,0,-29.3985,0,0,-29.1774
21371.7,1,0.0591928,0.950524,-0.190773,-0.05878,-0.904417,0.139517,-0.0596777,0.909534,-0.204079,0.0592236,-0.903143,0.191832,0,0,-21.137,0,0,-20.3106,0,0,-29.6894,0,0,-28.863
21375.7,1,0.0591776,0.950291,-0.190348,-0.0587651,-0.904184,0.139094,-0.0596589,0.909266,-0.203567,0.059206,-0.902888,0.191342,0,0,-21.5738,0,0,-19.8728,0,0,-30.1272,0,0,-28.4262
21379.9,1,0.0591606,0.950031,-0.189877,-0.0587519,-0.903978,0.138718,-0.0596386,0.908977,-0.203013,0.0591902,-0.902657,0.190901,0,0,-21.6106,0,0,-19.8343,0,0,-30.1657,0,0,-28.3894
21383.6,1,0.0591427,0.949757,-0.189379,-0.0587404,-0.903798,0.138391,-0.0596173,0.908674,-0.202433,0.0591761,-0.902451,0.190507,0,0,-20.9713,0,0,-20.4914,0,0,-29.5086,0,0,-29.0287
21387.5,1,0.0591256,0.949494,-0.188901,-0.0587289,-0.903618,0.138064,-0.0595968,0.908381,-0.201873,0.0591619,-0.902246,0.190113,0,0,-20.8389,0,0,-20.6206,0,0,-29.3794,0,0,-29.1611
21391.5,1,0.0591103,0.949257,-0.18847,-0.0587157,-0.903412,0.137689,-0.0595781,0.908114,-0.201361,0.0591461,-0.902015,0.189672,0,0,-21.2175,0,0,-20.2595,0,0,-29.7405,0,0,-28.7825
21395.6,1,0.0590949,0.94902,-0.18804,-0.0587025,-0.903206,0.137313,-0.0595594,0.907846,-0.200849,0.0591302,-0.901785,0.18923,0,0,-21.592,0,0,-19.887,0,0,-30.113,0,0,-28.408
21399.6,1,0.0590777,0.948757,-0.187562,-0.058691,-0.903026,0.136985,-0.0595389,0.907554,-0.200289,0.0591162,-0.901579,0.188836,0,0,-21.5684,0,0,-19.9122,0,0,-30.0878,0,0,-28.4316
21403.4,1,0.0590606,0.948494,-0.187084,-0.0586795,-0.902846,0.136658,-0.0595185,0.907261,-0.199729,0.0591027,-0.901382,0.188458,0,0,-21.0685,0,0,-20.4351,0,0,-29.5649,0,0,-28.9315
21407.5,1,0.0590453,0.948257,-0.186653,-0.0586663,-0.902639,0.136283,-0.0594999,0.906993,-0.199216,0.059088,-0.901169,0.18805,0,0,-20.8796,0,0,-20.6251,0,0,-29.3749,0,0,-29.1204
21411.5,1,0.0590317,0.948046,-0.18627,-0.0586514,-0.902406,0.135859,-0.059483,0.90675,-0.198751,0.0590716,-0.90093,0.187593,0,0,-21.3369,0,0,-20.1832,0,0,-29.8168,0,0,-28.6631
21415.6,1,0.0590181,0.947836,-0.185888,-0.0586365,-0.902173,0.135435,-0.059466,0.906508,-0.198286,0.0590553,-0.900692,0.187136,0,0,-21.6162,0,0,-19.9022,0,0,-30.0978,0,0,-28.3838
21419.5,1,0.0590027,0.947599,-0.185457,-0.0586234,-0.901967,0.135059,-0.0594474,0.90624,-0.197773,0.0590408,-0.900478,0.186727,0,0,-21.5162,0,0,-20.0012,0,0,-29.9988,0,0,-28.4838
21423.6,1,0.0589871,0.947358,-0.185019,-0.0586113,-0.901776,0.134712,-0.0594287,0.905972,-0.19726,0.0590269,-0.900275,0.186338,0,0,-21.0021,0,0,-20.534,0,0,-29.466,0,0,-28.9979
21427.6,1,0.058973,0.947139,-0.184621,-0.0585985,-0.901575,0.134347,-0.0594119,0.905729,-0.196795,0.059012,-0.900058,0.185921,0,0,-20.7703,0,0,-20.7667,0,0,-29.2333,0,0,-29.2297
21431.7,1,0.0589606,0.946946,-0.184271,-0.058584,-0.901348,0.133933,-0.0593968,0.90551,-0.196377,0.0589954,-0.899815,0.185457,0,0,-21.2051,0,0,-20.3457,0,0,-29.6543,0,0,-28.7949
21435.7,1,0.0589481,0.946754,-0.183921,-0.0585696,-0.901121,0.133519,-0.0593816,0.905292,-0.195959,0.0589788,-0.899572,0.184992,0,0,-21.6525,0,0,-19.8997,0,0,-30.1003,0,0,-28.3475
21439.6,1,0.0589339,0.946535,-0.183523,-0.0585568,-0.90092,0.133153,-0.0593647,0.905049,-0.195493,0.0589641,-0.899355,0.184575,0,0,-21.5623,0,0,-19.9916,0,0,-30.0084,0,0,-28.4377
21443.6,1,0.0589183,0.946294,-0.183084,-0.0585453,-0.900738,0.132822,-0.0593474,0.9048,-0.195017,0.0589508,-0.899159,0.184199,0,0,-20.9881,0,0,-20.5851,0,0,-29.4149,0,0,-29.0119
21447.7,1,0.0589031,0.946057,-0.182653,-0.0585333,-0.900548,0.132476,-0.0593316,0.904571,-0.194578,0.0589372,-0.89896,0.183818,0,0,-20.8595,0,0,-20.7109,0,0,-29.2891,0,0,-29.1405
21451.7,1,0.0588895,0.945846,-0.18227,-0.0585195,-0.900332,0.132083,-0.0593175,0.904366,-0.194186,0.0589219,-0.898736,0.183389,0,0,-21.3337,0,0,-20.2419,0,0,-29.7581,0,0,-28.6663
21455.5,1,0.058876,0.945635,-0.181887,-0.0585058,-0.900115,0.131689,-0.0593033,0.904162,-0.193794,0.0589067,-0.898512,0.18296,0,0,-21.6694,0,0,-19.9035,0,0,-30.0965,0,0,-28.3306
21459.4,1,0.0588607,0.945398,-0.181456,-0.0584938,-0.899925,0.131343,-0.0592874,0.903932,-0.193354,0.0588932,-0.898313,0.182578,0,0,-21.3557,0,0,-20.2176,0,0,-29.7824,0,0,-28.6443
21463.5,1,0.0588454,0.945161,-0.181025,-0.0584823,-0.899743,0.131011,-0.0592716,0.903703,-0.192915,0.0588803,-0.898121,0.182212,0,0,-20.8878,0,0,-20.7011,0,0,-29.2989,0,0,-29.1122
21467.5,1,0.0588319,0.94495,-0.180641,-0.0584695,-0.899542,0.130644,-0.0592575,0.903498,-0.192523,0.0588661,-0.897912,0.181812,0,0,-20.9457,0,0,-20.6451,0,0,-29.3549,0,0,-29.0543
21471.5,1,0.0588201,0.944765,-0.180305,-0.058455,-0.899314,0.13023,-0.0592451,0.903318,-0.192178,0.0588504,-0.897682,0.181371,0,0,-21.4161,0,0,-20.1868,0,0,-29.8132,0,0,-28.5839
21475.4,1,0.0588083,0.944581,-0.17997,-0.0584406,-0.899086,0.129815,-0.0592327,0.903138,-0.191834,0.0588351,-0.897456,0.180937,0,0,-21.6189,0,0,-19.9841,0,0,-30.0159,0,0,-28.3811
21479.5,1,0.0587947,0.94437,-0.179587,-0.0584279,-0.898884,0.129447,-0.0592186,0.902934,-0.191442,0.0588215,-0.897254,0.18055,0,0,-21.2834,0,0,-20.3172,0,0,-29.6828,0,0,-28.7166
21483.6,1,0.0587808,0.944155,-0.179194,-0.058416,-0.898694,0.129102,-0.0592043,0.902727,-0.191045,0.0588083,-0.89706,0.180178,0,0,-20.9104,0,0,-20.7023,0,0,-29.2977,0,0,-29.0896
21487.5,1,0.0587684,0.94396,-0.178841,-0.058403,-0.89849,0.128729,-0.0591917,0.902542,-0.190692,0.0587939,-0.896847,0.17977,0,0,-21.0246,0,0,-20.5886,0,0,-29.4114,0,0,-28.9754
21491.4,1,0.0587569,0.94378,-0.178514,-0.0583893,-0.898273,0.128333,-0.0591797,0.902367,-0.190357,0.0587792,-0.89663,0.179354,0,0,-21.4564,0,0,-20.1687,0,0,-29.8313,0,0,-28.5436
21495.4,1,0.0587446,0.943588,-0.178164,-0.0583765,-0.89807,0.127964,-0.0591666,0.902177,-0.189993,0.0587659,-0.896433,0.178976,0,0,-21.5675,0,0,-20.0575,0,0,-29.9425,0,0,-28.4325
21499.4,1,0.0587306,0.94337,-0.177767,-0.0583655,-0.897893,0.127642,-0.0591517,0.901962,-0.18958,0.0587544,-0.896261,0.178647,0,0,-21.1876,0,0,-20.435,0,0,-29.565,0,0,-28.8124
21503.5,1,0.0587166,0.943152,-0.17737,-0.0583543,-0.897716,0.12732,-0.0591369,0.901746,-0.189168,0.0587428,-0.896089,0.178317,0,0,-20.9618,0,0,-20.672,0,0,-29.328,0,0,-29.0382
21507.5,1,0.0587044,0.942959,-0.17702,-0.0583415,-0.897514,0.126951,-0.0591239,0.901556,-0.188803,0.0587295,-0.895892,0.17794,0,0,-21.1296,0,0,-20.5065,0,0,-29.4935,0,0,-28.8704
21511.5,1,0.0586924,0.942771,-0.176678,-0.0583287,-0.89731,0.126581,-0.0591113,0.901372,-0.18845,0.0587162,-0.895695,0.177562,0,0,-21.4142,0,0,-20.2341,0,0,-29.7659,0,0,-28.5858
21515.5,1,0.0586789,0.942561,-0.176295,-0.0583177,-0.897134,0.126259,-0.0590974,0.901169,-0.188063,0.0587046,-0.895523,0.177232,0,0,-21.5183,0,0,-20.1291,0,0,-29.8709,0,0,-28.4817
21519.4,1,0.0586637,0.942324,-0.175864,-0.0583083,-0.896984,0.125985,-0.0590817,0.900942,-0.187627,0.0586948,-0.895375,0.176951,0,0,-21.1008,0,0,-20.5422,0,0,-29.4578,0,0,-28.8992
21523.4,1,0.0586486,0.942087,-0.175432,-0.0582989,-0.896834,0.125712,-0.0590662,0.900714,-0.187191,0.0586849,-0.895229,0.176669,0,0,-20.9448,0,0,-20.7085,0,0,-29.2915,0,0,-29.0552
21527.4,1,0.0586352,0.941876,-0.175049,-0.0582877,-0.896657,0.125391,-0.0590523,0.900511,-0.186802,0.0586733,-0.895057,0.17634,0,0,-21.1835,0,0,-20.471,0,0,-29.529,0,0,-28.8165
21531.4,1,0.0586228,0.941681,-0.174694,-0.0582764,-0.896476,0.125061,-0.0590392,0.900319,-0.186433,0.0586616,-0.894883,0.176006,0,0,-21.5548,0,0,-20.1112,0,0,-29.8888,0,0,-28.4452
21535.4,1,0.0586098,0.941476,-0.174321,-0.0582665,-0.896318,0.124772,-0.059025,0.900111,-0.186036,0.0586515,-0.894732,0.175718,0,0,-21.6103,0,0,-20.0562,0,0,-29.9438,0,0,-28.3897
21539.5,1,0.058595,0.941245,-0.1739,-0.0582583,-0.896185,0.124531,-0.0590091,0.899879,-0.185591,0.0586432,-0.894607,0.175477,0,0,-21.2196,0,0,-20.4434,0,0,-29.5566,0,0,-28.7804
21543.4,1,0.0585803,0.941014,-0.173479,-0.05825,-0.896053,0.124291,-0.0589932,0.899646,-0.185145,0.0586347,-0.894481,0.175237,0,0,-20.8992,0,0,-20.7738,0,0,-29.2262,0,0,-29.1008
21547.4,1,0.0585673,0.940808,-0.173106,-0.05824,-0.895895,0.124002,-0.0589791,0.899439,-0.184747,0.0586246,-0.894331,0.174948,0,0,-21.1782,0,0,-20.4985,0,0,-29.5015,0,0,-28.8218
21551.3,1,0.0585552,0.940617,-0.172758,-0.0582292,-0.895723,0.123688,-0.058966,0.899246,-0.184379,0.0586139,-0.894171,0.174643,0,0,-21.4896,0,0,-20.1988,0,0,-29.8012,0,0,-28.5104
21555.3,1,0.0585422,0.940413,-0.172387,-0.0582193,-0.895564,0.123399,-0.0589522,0.899044,-0.183991,0.0586043,-0.894028,0.174369,0,0,-21.6316,0,0,-20.058,0,0,-29.942,0,0,-28.3684
21559.4,1,0.0585276,0.940183,-0.171967,-0.058211,-0.895431,0.123157,-0.0589367,0.898817,-0.183556,0.0585965,-0.89391,0.174143,0,0,-21.2967,0,0,-20.3875,0,0,-29.6125,0,0,-28.7033
21563.4,1,0.058513,0.939953,-0.171548,-0.0582028,-0.895299,0.122916,-0.0589213,0.898589,-0.18312,0.0585886,-0.893793,0.173917,0,0,-20.8319,0,0,-20.8592,0,0,-29.1408,0,0,-29.1681
21567.3,1,0.0585001,0.939749,-0.171177,-0.0581928,-0.89514,0.122626,-0.0589075,0.898387,-0.182732,0.058579,-0.89365,0.173644,0,0,-20.8784,0,0,-20.8129,0,0,-29.1871,0,0,-29.1216
21571.4,1,0.0584889,0.939571,-0.170853,-0.0581813,-0.894957,0.122293,-0.0588956,0.898209,-0.182392,0.0585677,-0.893482,0.173322,0,0,-21.4937,0,0,-20.208,0,0,-29.792,0,0,-28.5063
21575.4,1,0.0584777,0.939394,-0.17053,-0.0581701,-0.894777,0.121965,-0.0588835,0.898032,-0.182052,0.0585564,-0.893314,0.172999,0,0,-21.6991,0,0,-20.0035,0,0,-29.9965,0,0,-28.3009
21579.6,1,0.0584647,0.93919,-0.170159,-0.0581605,-0.894624,0.121686,-0.0588697,0.897829,-0.181664,0.0585469,-0.89317,0.172725,0,0,-21.4122,0,0,-20.2911,0,0,-29.7089,0,0,-28.5878
21583.5,1,0.0584516,0.938983,-0.169782,-0.0581517,-0.894481,0.121426,-0.058856,0.897627,-0.181276,0.0585376,-0.893031,0.172458,0,0,-20.8851,0,0,-20.8276,0,0,-29.1724,0,0,-29.1149
21587.4,1,0.0584401,0.938799,-0.169447,-0.0581417,-0.894323,0.121137,-0.058844,0.897449,-0.180936,0.0585268,-0.892871,0.17215,0,0,-20.7794,0,0,-20.9336,0,0,-29.0664,0,0,-29.2206
21591.4,1,0.0584302,0.938642,-0.169161,-0.0581301,-0.894138,0.1208,-0.0588338,0.897297,-0.180644,0.0585144,-0.892685,0.171794,0,0,-21.3672,0,0,-20.355,0,0,-29.645,0,0,-28.6328
21595.4,1,0.0584203,0.938485,-0.168875,-0.0581186,-0.893953,0.120462,-0.0588234,0.897144,-0.180352,0.058502,-0.892499,0.171438,0,0,-21.7323,0,0,-19.9904,0,0,-30.0096,0,0,-28.2677
21599.4,1,0.0584086,0.938301,-0.16854,-0.0581088,-0.893794,0.120173,-0.0588114,0.896967,-0.180012,0.0584913,-0.892338,0.17113,0,0,-21.4799,0,0,-20.2426,0,0,-29.7574,0,0,-28.5201
21603.3,1,0.0583953,0.938091,-0.168158,-0.0581006,-0.893662,0.119932,-0.0587976,0.896764,-0.179624,0.0584823,-0.892203,0.17087,0,0,-20.8624,0,0,-20.8695,0,0,-29.1305,0,0,-29.1376
21607.6,1,0.0583821,0.937881,-0.167775,-0.0580924,-0.89353,0.119692,-0.0587839,0.896562,-0.179235,0.0584733,-0.892067,0.17061,0,0,-20.7317,0,0,-21.001,0,0,-28.999,0,0,-29.2683
21611.6,1,0.0583705,0.937697,-0.16744,-0.0580825,-0.893372,0.119403,-0.058772,0.896384,-0.178895,0.0584625,-0.891907,0.170302,0,0,-21.0828,0,0,-20.6609,0,0,-29.3391,0,0,-28.9172
21615.6,1,0.0583591,0.937515,-0.167108,-0.0580726,-0.893213,0.119114,-0.05876,0.896206,-0.178554,0.0584518,-0.891746,0.169994,0,0,-21.6512,0,0,-20.0932,0,0,-29.9068,0,0,-28.3488
21619.6,1,0.058346,0.937308,-0.166732,-0.0580645,-0.893081,0.118873,-0.0587463,0.896004,-0.178166,0.0584429,-0.89161,0.169734,0,0,-21.6353,0,0,-20.108,0,0,-29.892,0,0,-28.3647
21623.5,1,0.058333,0.937101,-0.166355,-0.0580567,-0.892956,0.118646,-0.0587326,0.895801,-0.177777,0.0584344,-0.891482,0.169489,0,0,-20.9893,0,0,-20.7632,0,0,-29.2368,0,0,-29.0107
21627.5,1,0.0583217,0.936921,-0.166026,-0.0580478,-0.892813,0.118384,-0.0587207,0.895623,-0.177437,0.0584246,-0.891336,0.169209,0,0,-20.6546,0,0,-21.0976,0,0,-28.9024,0,0,-29.3454
21631.5,1,0.0583121,0.936767,-0.165746,-0.0580371,-0.892642,0.118073,-0.0587104,0.89547,-0.177144,0.0584132,-0.891165,0.168882,0,0,-21.1389,0,0,-20.6194,0,0,-29.3806,0,0,-28.8611
21635.5,1,0.0583025,0.936613,-0.165466,-0.0580266,-0.892472,0.117763,-0.0587002,0.895318,-0.176851,0.0584019,-0.890994,0.168554,0,0,-21.7428,0,0,-20.016,0,0,-29.984,0,0,-28.2572
21639.5,1,0.0582911,0.936433,-0.165138,-0.0580177,-0.892328,0.1175,-0.0586882,0.89514,-0.176511,0.0583922,-0.890848,0.168274,0,0,-21.6807,0,0,-20.0791,0,0,-29.9209,0,0,-28.3193
21643.4,1,0.0582781,0.936226,-0.164761,-0.0580105,-0.892211,0.117286,-0.0586745,0.894937,-0.176122,0.0583843,-0.890728,0.168043,0,0,-20.9669,0,0,-20.803,0,0,-29.197,0,0,-29.0331
21647.5,1,0.0582651,0.936019,-0.164384,-0.0580032,-0.892093,0.117072,-0.0586608,0.894734,-0.175733,0.0583763,-0.890607,0.167811,0,0,-20.6653,0,0,-21.1062,0,0,-28.8938,0,0,-29.3347
21651.5,1,0.0582538,0.935839,-0.164055,-0.0579942,-0.89195,0.11681,-0.0586489,0.894556,-0.175392,0.0583665,-0.890461,0.167532,0,0,-21.0088,0,0,-20.7746,0,0,-29.2254,0,0,-28.9912
21655.4,1,0.0582441,0.935683,-0.163771,-0.0579841,-0.891787,0.116514,-0.0586387,0.894403,-0.175098,0.0583565,-0.890309,0.167241,0,0,-21.6957,0,0,-20.0886,0,0,-29.9114,0,0,-28.3043
21659.4,1,0.0582342,0.935525,-0.163484,-0.0579746,-0.891633,0.116233,-0.0586284,0.894249,-0.174804,0.0583477,-0.890177,0.166987,0,0,-21.7221,0,0,-20.0611,0,0,-29.9389,0,0,-28.2779
21663.4,1,0.0582227,0.935341,-0.163149,-0.0579668,-0.891505,0.116,-0.0586163,0.894071,-0.174461,0.0583407,-0.890069,0.166781,0,0,-21.2521,0,0,-20.5265,0,0,-29.4735,0,0,-28.7479
21667.6,1,0.0582111,0.935157,-0.162813,-0.0579589,-0.891378,0.115767,-0.0586044,0.893892,-0.174119,0.0583336,-0.889962,0.166575,0,0,-20.661,0,0,-21.1103,0,0,-28.8897,0,0,-29.339
21671.5,1,0.0582013,0.935,-0.162526,-0.0579493,-0.891223,0.115486,-0.0585941,0.893738,-0.173824,0.0583248,-0.88983,0.166321,0,0,-20.7615,0,0,-21.0169,0,0,-28.9831,0,0,-29.2385
21675.4,1,0.0581932,0.934868,-0.162287,-0.057938,-0.891043,0.115156,-0.0585856,0.893609,-0.173577,0.0583143,-0.889672,0.166019,0,0,-21.5705,0,0,-20.2146,0,0,-29.7854,0,0,-28.4295
21679.4,1,0.058185,0.934737,-0.162048,-0.0579268,-0.890862,0.114826,-0.0585769,0.893481,-0.173331,0.0583038,-0.889514,0.165717,0,0,-21.8211,0,0,-19.9693,0,0,-30.0307,0,0,-28.1789
21683.5,1,0.0581751,0.93458,-0.161761,-0.0579173,-0.890707,0.114544,-0.0585666,0.893327,-0.173036,0.0582951,-0.889382,0.165462,0,0,-21.4592,0,0,-20.3392,0,0,-29.6608,0,0,-28.5408
21687.4,1,0.0581645,0.93441,-0.161451,-0.057909,-0.890571,0.114295,-0.0585563,0.893173,-0.172742,0.0582867,-0.889254,0.165217,0,0,-20.7023,0,0,-21.0966,0,0,-28.9034,0,0,-29.2977
21691.3,1,0.0581547,0.934253,-0.161166,-0.0579,-0.890426,0.114031,-0.0585478,0.893044,-0.172495,0.0582769,-0.889106,0.164933,0,0,-20.6816,0,0,-21.1243,0,0,-28.8757,0,0,-29.3184
21695.3,1,0.0581467,0.934123,-0.160929,-0.0578894,-0.890255,0.113718,-0.0585409,0.892941,-0.172296,0.0582654,-0.888932,0.164601,0,0,-21.4227,0,0,-20.38,0,0,-29.62,0,0,-28.5773
21699.3,1,0.0581386,0.933994,-0.160693,-0.0578788,-0.890083,0.113405,-0.058534,0.892837,-0.172098,0.0582539,-0.888759,0.164268,0,0,-21.8675,0,0,-19.9334,0,0,-30.0666,0,0,-28.1325
21703.3,1,0.0581288,0.933838,-0.160408,-0.0578699,-0.889938,0.113141,-0.0585254,0.892709,-0.171852,0.0582442,-0.88861,0.163984,0,0,-21.6196,0,0,-20.1871,0,0,-29.8129,0,0,-28.3804
21707.4,1,0.0581174,0.933655,-0.160074,-0.0578627,-0.88982,0.112925,-0.0585151,0.892555,-0.171557,0.0582361,-0.888487,0.163748,0,0,-20.7784,0,0,-21.0277,0,0,-28.9723,0,0,-29.2216
21711.3,1,0.058106,0.933472,-0.159741,-0.0578554,-0.889701,0.112709,-0.0585048,0.892401,-0.171262,0.058228,-0.888364,0.163512,0,0,-20.6028,0,0,-21.2107,0,0,-28.7893,0,0,-29.3972
21715.2,1,0.0580963,0.933315,-0.159455,-0.0578464,-0.889557,0.112445,-0.0584963,0.892272,-0.171015,0.0582182,-0.888216,0.163228,0,0,-21.21,0,0,-20.6057,0,0,-29.3943,0,0,-28.79
21719.3,1,0.0580866,0.933159,-0.15917,-0.0578375,-0.889412,0.112181,-0.0584877,0.892144,-0.170769,0.0582084,-0.888068,0.162944,0,0,-21.7695,0,0,-20.0473,0,0,-29.9527,0,0,-28.2305
21723.3,1,0.0580751,0.932976,-0.158837,-0.0578303,-0.889293,0.111965,-0.0584774,0.89199,-0.170474,0.0582004,-0.887945,0.162707,0,0,-21.7043,0,0,-20.1185,0,0,-29.8815,0,0,-28.2957
21727.3,1,0.058062,0.932766,-0.158455,-0.0578247,-0.889202,0.111797,-0.0584654,0.891811,-0.170131,0.058194,-0.887847,0.16252,0,0,-20.9063,0,0,-20.9148,0,0,-29.0852,0,0,-29.0937
21731.3,1,0.058049,0.932556,-0.158072,-0.0578191,-0.88911,0.11163,-0.0584535,0.891632,-0.169787,0.0581876,-0.887749,0.162332,0,0,-20.549,0,0,-21.2776,0,0,-28.7224,0,0,-29.451
21735.4,1,0.0580377,0.932373,-0.157738,-0.0578118,-0.888992,0.111415,-0.0584433,0.891478,-0.169492,0.0581794,-0.887626,0.162097,0,0,-20.9601,0,0,-20.8669,0,0,-29.1331,0,0,-29.0399
21739.3,1,0.058028,0.932216,-0.157452,-0.0578028,-0.888847,0.111151,-0.0584343,0.891343,-0.169233,0.0581708,-0.887495,0.161845,0,0,-21.6858,0,0,-20.1416,0,0,-29.8584,0,0,-28.3142
21743.2,1,0.0580183,0.93206,-0.157167,-0.0577939,-0.888703,0.110887,-0.058425,0.891202,-0.168963,0.0581634,-0.887381,0.161626,0,0,-21.8234,0,0,-20.0098,0,0,-29.9902,0,0,-28.1766
21747.3,1,0.0580069,0.931877,-0.156833,-0.0577867,-0.888584,0.110671,-0.0584139,0.891036,-0.168644,0.0581576,-0.887292,0.161456,0,0,-21.2202,0,0,-20.6031,0,0,-29.3969,0,0,-28.7798
21751.3,1,0.0579956,0.931694,-0.156499,-0.0577795,-0.888467,0.110456,-0.0584028,0.890869,-0.168326,0.0581518,-0.887203,0.161286,0,0,-20.5581,0,0,-21.2635,0,0,-28.7365,0,0,-29.4419
21755.3,1,0.0579859,0.931537,-0.156213,-0.0577706,-0.888322,0.110192,-0.0583935,0.890728,-0.168055,0.0581442,-0.887089,0.161068,0,0,-20.7675,0,0,-21.0556,0,0,-28.9444,0,0,-29.2325
21759.3,1,0.0579779,0.931407,-0.155976,-0.05776,-0.888151,0.109879,-0.0583859,0.890612,-0.167833,0.058135,-0.88695,0.160801,0,0,-21.6533,0,0,-20.1743,0,0,-29.8257,0,0,-28.3467
21763.2,1,0.0579699,0.931277,-0.155739,-0.0577495,-0.887979,0.109566,-0.0583782,0.890496,-0.16761,0.0581259,-0.886811,0.160534,0,0,-21.8899,0,0,-19.943,0,0,-30.057,0,0,-28.1101
21767.5,1,0.0579601,0.93112,-0.155453,-0.0577407,-0.887834,0.109302,-0.0583688,0.890355,-0.16734,0.0581185,-0.886697,0.160315,0,0,-21.4009,0,0,-20.4329,0,0,-29.5671,0,0,-28.5991
21771.4,1,0.0579504,0.930964,-0.155168,-0.0577318,-0.887689,0.109038,-0.0583594,0.890214,-0.16707,0.058111,-0.886583,0.160096,0,0,-20.6133,0,0,-21.2233,0,0,-28.7767,0,0,-29.3867
21775.4,1,0.0579425,0.930834,-0.15493,-0.0577212,-0.887518,0.108725,-0.0583518,0.890098,-0.166847,0.0581018,-0.886443,0.159829,0,0,-20.6734,0,0,-21.1632,0,0,-28.8368,0,0,-29.3266
21779.3,1,0.0579361,0.93073,-0.154742,-0.0577091,-0.88732,0.108363,-0.0583458,0.890007,-0.166673,0.058091,-0.886279,0.159513,0,0,-21.5659,0,0,-20.2707,0,0,-29.7293,0,0,-28.4341
21783.3,1,0.0579297,0.930627,-0.154553,-0.0576969,-0.887122,0.108001,-0.0583398,0.889916,-0.166499,0.0580802,-0.886114,0.159198,0,0,-21.9479,0,0,-19.891,0,0,-30.109,0,0,-28.0521
21787.3,1,0.0579217,0.930497,-0.154316,-0.0576865,-0.88695,0.107688,-0.0583321,0.889801,-0.166277,0.0580711,-0.885975,0.15893,0,0,-21.4378,0,0,-20.3991,0,0,-29.6009,0,0,-28.5622
21791.4,1,0.0579128,0.930354,-0.154055,-0.0576777,-0.886805,0.107423,-0.0583237,0.889673,-0.166033,0.058063,-0.88585,0.158691,0,0,-20.7716,0,0,-21.0666,0,0,-28.9334,0,0,-29.2284
21795.3,1,0.0579049,0.930225,-0.153819,-0.0576688,-0.88666,0.107158,-0.0583161,0.889559,-0.165814,0.0580542,-0.885715,0.158432,0,0,-20.6565,0,0,-21.1817,0,0,-28.8183,0,0,-29.3435
21799.4,1,0.0578986,0.930122,-0.153632,-0.0576583,-0.886488,0.106845,-0.0583103,0.88947,-0.165644,0.0580436,-0.885554,0.158124,0,0,-21.3879,0,0,-20.4541,0,0,-29.5459,0,0,-28.6121
21803.3,1,0.0578922,0.930019,-0.153445,-0.0576478,-0.886317,0.106532,-0.0583045,0.889382,-0.165474,0.0580331,-0.885394,0.157816,0,0,-21.9034,0,0,-19.9448,0,0,-30.0552,0,0,-28.0966
21807.3,1,0.0578842,0.92989,-0.153209,-0.057639,-0.886172,0.106267,-0.0582969,0.889268,-0.165255,0.0580244,-0.885258,0.157557,0,0,-21.5911,0,0,-20.2587,0,0,-29.7413,0,0,-28.4089
21811.5,1,0.0578745,0.929734,-0.152924,-0.0576319,-0.886053,0.106051,-0.0582876,0.889129,-0.164989,0.0580172,-0.885148,0.157346,0,0,-20.8293,0,0,-21.0251,0,0,-28.9749,0,0,-29.1707
21815.4,1,0.0578649,0.929578,-0.15264,-0.0576247,-0.885935,0.105835,-0.0582784,0.888989,-0.164722,0.0580101,-0.885038,0.157135,0,0,-20.6605,0,0,-21.1943,0,0,-28.8057,0,0,-29.3395
21819.3,1,0.057857,0.929448,-0.152403,-0.0576158,-0.88579,0.105571,-0.058271,0.888875,-0.164503,0.0580012,-0.884903,0.156876,0,0,-21.1345,0,0,-20.721,0,0,-29.279,0,0,-28.8655
21823.3,1,0.057849,0.929319,-0.152167,-0.057607,-0.885645,0.105306,-0.0582635,0.888761,-0.164284,0.0579924,-0.884768,0.156616,0,0,-21.7536,0,0,-20.1074,0,0,-29.8926,0,0,-28.2464
21827.4,1,0.0578394,0.929163,-0.151882,-0.0575998,-0.885527,0.10509,-0.0582542,0.888622,-0.164017,0.0579853,-0.884658,0.156405,0,0,-21.754,0,0,-20.1059,0,0,-29.8941,0,0,-28.246
21831.4,1,0.0578281,0.92898,-0.151549,-0.0575943,-0.885435,0.104923,-0.0582433,0.888458,-0.163702,0.0579798,-0.884573,0.156242,0,0,-21.0895,0,0,-20.7739,0,0,-29.2261,0,0,-28.9105
21835.3,1,0.0578168,0.928797,-0.151215,-0.0575887,-0.885344,0.104756,-0.0582325,0.888293,-0.163386,0.0579743,-0.884489,0.15608,0,0,-20.6149,0,0,-21.2475,0,0,-28.7525,0,0,-29.3851
21839.3,1,0.0578073,0.928641,-0.15093,-0.0575815,-0.885226,0.10454,-0.0582233,0.888153,-0.163119,0.0579671,-0.884379,0.155869,0,0,-21.0427,0,0,-20.8204,0,0,-29.1796,0,0,-28.9573
21843.3,1,0.0577994,0.928511,-0.150694,-0.0575728,-0.885085,0.104282,-0.0582159,0.888039,-0.1629,0.0579589,-0.884253,0.155628,0,0,-21.7471,0,0,-20.1219,0,0,-29.8781,0,0,-28.2529
21847.4,1,0.0577914,0.928382,-0.150457,-0.0575645,-0.884947,0.104031,-0.0582084,0.887925,-0.162681,0.0579513,-0.884136,0.155403,0,0,-21.8092,0,0,-20.0597,0,0,-29.9403,0,0,-28.1908
21851.3,1,0.0577818,0.928226,-0.150172,-0.0575578,-0.884836,0.103828,-0.0581992,0.887786,-0.162414,0.0579454,-0.884044,0.155227,0,0,-21.2206,0,0,-20.6441,0,0,-29.3559,0,0,-28.7794
21855.3,1,0.0577722,0.92807,-0.149887,-0.0575511,-0.884725,0.103625,-0.05819,0.887646,-0.162147,0.0579394,-0.883952,0.155052,0,0,-20.6698,0,0,-21.1928,0,0,-28.8072,0,0,-29.3302
21859.3,1,0.0577643,0.92794,-0.149651,-0.0575426,-0.884588,0.103374,-0.0581825,0.887532,-0.161928,0.0579318,-0.883835,0.154828,0,0,-20.8938,0,0,-20.9708,0,0,-29.0292,0,0,-29.1062
21863.4,1,0.0577581,0.927837,-0.149463,-0.0575326,-0.884423,0.103074,-0.0581768,0.887443,-0.161757,0.0579225,-0.883693,0.154555,0,0,-21.4998,0,0,-20.3703,0,0,-29.6297,0,0,-28.5002
21867.4,1,0.0577518,0.927734,-0.149275,-0.0575226,-0.884259,0.102774,-0.0581709,0.887354,-0.161587,0.0579132,-0.883551,0.154282,0,0,-21.8303,0,0,-20.0426,0,0,-29.9574,0,0,-28.1697
21871.3,1,0.0577438,0.927605,-0.149039,-0.0575143,-0.884121,0.102522,-0.0581634,0.88724,-0.161368,0.0579057,-0.883434,0.154057,0,0,-21.4371,0,0,-20.4398,0,0,-29.5602,0,0,-28.5629
21875.2,1,0.0577359,0.927475,-0.148802,-0.057507,-0.884,0.102301,-0.0581559,0.887126,-0.161149,0.0578986,-0.883325,0.153848,0,0,-20.7641,0,0,-21.1123,0,0,-28.8877,0,0,-29.2359
21879.1,1,0.0577296,0.927372,-0.148614,-0.0574991,-0.88387,0.102063,-0.0581501,0.887037,-0.160979,0.0578904,-0.883199,0.153607,0,0,-20.7596,0,0,-21.1167,0,0,-28.8833,0,0,-29.2404
21883.2,1,0.057725,0.927296,-0.148475,-0.0574895,-0.883712,0.101776,-0.058146,0.886973,-0.160856,0.0578806,-0.883048,0.153317,0,0,-21.342,0,0,-20.537,0,0,-29.463,0,0,-28.658
21887.2,1,0.0577203,0.92722,-0.148336,-0.05748,-0.883555,0.101488,-0.0581418,0.88691,-0.160734,0.0578708,-0.882897,0.153027,0,0,-21.8775,0,0,-20.0028,0,0,-29.9972,0,0,-28.1225
21891.1,1,0.057714,0.927117,-0.148149,-0.0574722,-0.883424,0.10125,-0.0581359,0.886821,-0.160564,0.0578627,-0.882771,0.152785,0,0,-21.6228,0,0,-20.263,0,0,-29.737,0,0,-28.3772
21895.2,1,0.057706,0.926988,-0.147912,-0.0574659,-0.883321,0.10106,-0.0581284,0.886707,-0.160345,0.0578562,-0.88267,0.152592,0,0,-20.8623,0,0,-21.025,0,0,-28.975,0,0,-29.1377
21899.2,1,0.0576981,0.926858,-0.147676,-0.0574596,-0.883217,0.10087,-0.0581209,0.886593,-0.160126,0.0578497,-0.882569,0.1524,0,0,-20.7141,0,0,-21.175,0,0,-28.825,0,0,-29.2859
21903.1,1,0.0576919,0.926755,-0.147488,-0.0574517,-0.883086,0.100632,-0.0581151,0.886504,-0.159956,0.0578415,-0.882444,0.152158,0,0,-21.1332,0,0,-20.7632,0,0,-29.2368,0,0,-28.8668
21907.2,1,0.0576856,0.926652,-0.1473,-0.0574438,-0.882956,0.100394,-0.0581093,0.886415,-0.159785,0.0578333,-0.882318,0.151917,0,0,-21.8424,0,0,-20.0549,0,0,-29.9451,0,0,-28.1576
21911.1,1,0.0576776,0.926522,-0.147063,-0.0574376,-0.882852,0.100204,-0.0581018,0.886301,-0.159566,0.0578269,-0.882217,0.151724,0,0,-21.8423,0,0,-20.0603,0,0,-29.9397,0,0,-28.1577
21915.2,1,0.057668,0.926366,-0.146778,-0.057433,-0.882775,0.100063,-0.0580926,0.886161,-0.159299,0.0578221,-0.882142,0.151579,0,0,-21.1168,0,0,-20.7835,0,0,-29.2165,0,0,-28.8832
21919.2,1,0.0576584,0.92621,-0.146493,-0.0574283,-0.882698,0.0999223,-0.0580834,0.886021,-0.159031,0.0578172,-0.882067,0.151435,0,0,-20.6638,0,0,-21.2349,0,0,-28.7651,0,0,-29.3362
21923.1,1,0.0576506,0.92608,-0.146256,-0.057422,-0.882594,0.0997329,-0.058076,0.885907,-0.158812,0.0578107,-0.881966,0.151242,0,0,-21.0239,0,0,-20.8808,0,0,-29.1192,0,0,-28.9761
21927.2,1,0.0576444,0.925977,-0.146067,-0.0574141,-0.882465,0.0994962,-0.0580702,0.885818,-0.158641,0.0578031,-0.881849,0.151018,0,0,-21.79,0,0,-20.1154,0,0,-29.8846,0,0,-28.21
21931.1,1,0.0576381,0.925874,-0.145879,-0.0574064,-0.882336,0.099261,-0.0580644,0.885729,-0.15847,0.0577962,-0.881741,0.150811,0,0,-21.9212,0,0,-19.9897,0,0,-30.0103,0,0,-28.0788
21935.2,1,0.0576301,0.925744,-0.145643,-0.0574003,-0.882234,0.0990746,-0.0580569,0.885615,-0.158251,0.0577909,-0.881659,0.150653,0,0,-21.3513,0,0,-20.5516,0,0,-29.4484,0,0,-28.6487
21939.3,1,0.0576222,0.925615,-0.145406,-0.0573941,-0.882132,0.0988884,-0.0580494,0.8855,-0.158032,0.0577856,-0.881577,0.150495,0,0,-20.7298,0,0,-21.1692,0,0,-28.8308,0,0,-29.2702
21943.2,1,0.057616,0.925511,-0.145218,-0.0573863,-0.882003,0.0986535,-0.0580437,0.885411,-0.157861,0.0577786,-0.881469,0.150288,0,0,-20.7812,0,0,-21.122,0,0,-28.878,0,0,-29.2188
21947.2,1,0.0576114,0.925435,-0.145078,-0.0573769,-0.881848,0.0983694,-0.0580396,0.885347,-0.157739,0.0577699,-0.881336,0.150033,0,0,-21.5357,0,0,-20.371,0,0,-29.629,0,0,-28.4643
21951.2,1,0.0576068,0.925359,-0.144939,-0.0573675,-0.881692,0.0980851,-0.0580354,0.885284,-0.157617,0.0577613,-0.881202,0.149777,0,0,-21.9818,0,0,-19.9305,0,0,-30.0695,0,0,-28.0182
21955.3,1,0.0576004,0.925256,-0.144751,-0.0573598,-0.881563,0.0978495,-0.0580296,0.885195,-0.157446,0.0577544,-0.881094,0.14957,0,0,-21.5761,0,0,-20.337,0,0,-29.663,0,0,-28.4239
21959.3,1,0.0575938,0.925148,-0.144553,-0.0573537,-0.881461,0.097663,-0.058023,0.885095,-0.157254,0.0577485,-0.881002,0.149394,0,0,-20.8242,0,0,-21.0884,0,0,-28.9116,0,0,-29.1758
21963.2,1,0.0575886,0.92506,-0.144394,-0.0573476,-0.881359,0.0974767,-0.0580175,0.885009,-0.15709,0.057742,-0.880901,0.149199,0,0,-20.7074,0,0,-21.2084,0,0,-28.7916,0,0,-29.2926
21967.2,1,0.0575837,0.925003,-0.144288,-0.0573398,-0.881231,0.0972415,-0.0580123,0.884952,-0.156979,0.0577338,-0.880774,0.148956,0,0,-21.3296,0,0,-20.5895,0,0,-29.4105,0,0,-28.6704
21971.4,1,0.0575812,0.924939,-0.144172,-0.057332,-0.881102,0.0970061,-0.0580096,0.884888,-0.156858,0.0577256,-0.880648,0.148713,0,0,-21.9482,0,0,-19.9792,0,0,-30.0208,0,0,-28.0518
21975.2,1,0.0575759,0.924852,-0.144013,-0.0573259,-0.881,0.0968195,-0.058004,0.884803,-0.156694,0.0577191,-0.880546,0.148518,0,0,-21.7653,0,0,-20.1641,0,0,-29.8359,0,0,-28.2347
21979,1,0.0575689,0.924738,-0.143805,-0.0573215,-0.880925,0.096682,-0.0579967,0.884692,-0.156481,0.0577143,-0.88047,0.148372,0,0,-20.8716,0,0,-21.0585,0,0,-28.9415,0,0,-29.1284
21983.2,1,0.057562,0.924624,-0.143597,-0.057317,-0.880849,0.0965446,-0.0579895,0.88458,-0.156268,0.0577094,-0.880394,0.148226,0,0,-20.6471,0,0,-21.2904,0,0,-28.7096,0,0,-29.3529
21987.1,1,0.0575567,0.924537,-0.143437,-0.0573108,-0.880748,0.0963584,-0.0579839,0.884494,-0.156103,0.0577028,-0.880293,0.148032,0,0,-21.1439,0,0,-20.7949,0,0,-29.2051,0,0,-28.8561
21991.2,1,0.0575514,0.924449,-0.143278,-0.0573047,-0.880646,0.096172,-0.0579783,0.884409,-0.155938,0.0576963,-0.880191,0.147837,0,0,-21.8611,0,0,-20.0862,0,0,-29.9138,0,0,-28.1389
21995.2,1,0.0575444,0.924335,-0.14307,-0.0573002,-0.88057,0.0960344,-0.0579711,0.884298,-0.155725,0.0576915,-0.880115,0.147691,0,0,-21.8787,0,0,-20.0674,0,0,-29.9326,0,0,-28.1213
21999.3,1,0.0575358,0.924195,-0.142813,-0.0572964,-0.880525,0.0959504,-0.0579621,0.884161,-0.155464,0.0576872,-0.880067,0.147599,0,0,-21.1175,0,0,-20.8262,0,0,-29.1738,0,0,-28.8825
22003.3,1,0.0575273,0.924054,-0.142555,-0.0572934,-0.880477,0.0958624,-0.0579532,0.884025,-0.155202,0.0576839,-0.880017,0.147502,0,0,-20.6337,0,0,-21.3166,0,0,-28.6834,0,0,-29.3663
22007.3,1,0.0575204,0.923939,-0.142347,-0.0572899,-0.880398,0.0957205,-0.0579461,0.883913,-0.154989,0.0576801,-0.879938,0.147351,0,0,-20.9822,0,0,-20.9685,0,0,-29.0315,0,0,-29.0178
22011.3,1,0.0575152,0.923852,-0.142187,-0.0572837,-0.880297,0.0955342,-0.0579405,0.883828,-0.154824,0.0576735,-0.879836,0.147157,0,0,-21.7488,0,0,-20.2103,0,0,-29.7897,0,0,-28.2512
22015.3,1,0.0575099,0.923765,-0.142027,-0.0572776,-0.880195,0.0953477,-0.057935,0.883742,-0.154659,0.057667,-0.879735,0.146962,0,0,-21.9373,0,0,-20.0217,0,0,-29.9783,0,0,-28.0627
22019,1,0.0575029,0.923651,-0.141819,-0.0572731,-0.880119,0.0952101,-0.0579277,0.883631,-0.154446,0.0576622,-0.879659,0.146816,0,0,-21.3778,0,0,-20.5799,0,0,-29.4201,0,0,-28.6222
22023.3,1,0.057496,0.923536,-0.141611,-0.0572686,-0.880044,0.0950726,-0.0579205,0.883519,-0.154233,0.0576573,-0.879583,0.14667,0,0,-20.7567,0,0,-21.2073,0,0,-28.7927,0,0,-29.2433
22027.1,1,0.0574908,0.923449,-0.141451,-0.0572624,-0.879942,0.0948863,-0.0579149,0.883433,-0.154068,0.0576507,-0.879481,0.146476,0,0,-20.8249,0,0,-21.1398,0,0,-28.8602,0,0,-29.1751
22031.1,1,0.0574859,0.923392,-0.141346,-0.0572547,-0.879813,0.0946509,-0.0579098,0.883377,-0.153957,0.0576425,-0.879354,0.146232,0,0,-21.5478,0,0,-20.4251,0,0,-29.5749,0,0,-28.4522
22035.1,1,0.0574835,0.923328,-0.141229,-0.0572469,-0.879685,0.0944152,-0.0579071,0.883312,-0.153836,0.0576344,-0.879227,0.145988,0,0,-21.9692,0,0,-20.004,0,0,-29.996,0,0,-28.0308
22039,1,0.0574781,0.923241,-0.14107,-0.0572409,-0.879582,0.0942284,-0.0579015,0.883227,-0.153671,0.057628,-0.879126,0.145793,0,0,-21.5837,0,0,-20.3883,0,0,-29.6117,0,0,-28.4163
22043.1,1,0.0574725,0.923147,-0.140899,-0.0572362,-0.879503,0.0940841,-0.0578951,0.883128,-0.153483,0.0576228,-0.879045,0.145639,0,0,-20.8922,0,0,-21.0856,0,0,-28.9144,0,0,-29.1078
22047.1,1,0.0574681,0.923073,-0.140765,-0.0572313,-0.879421,0.0939335,-0.0578896,0.883043,-0.153319,0.0576174,-0.87896,0.145477,0,0,-20.7547,0,0,-21.2232,0,0,-28.7768,0,0,-29.2453
22051.1,1,0.0574644,0.92303,-0.140684,-0.0572247,-0.879312,0.093734,-0.0578845,0.882986,-0.153209,0.0576103,-0.878851,0.145266,0,0,-21.3108,0,0,-20.6734,0,0,-29.3266,0,0,-28.6892
22055,1,0.0574615,0.922983,-0.140599,-0.0572181,-0.879203,0.0935343,-0.0578819,0.882923,-0.153088,0.0576033,-0.87874,0.145054,0,0,-21.9067,0,0,-20.0797,0,0,-29.9203,0,0,-28.0933
22059,1,0.057458,0.922907,-0.140461,-0.0572132,-0.87912,0.0933834,-0.0578763,0.882837,-0.152924,0.0575979,-0.878656,0.144892,0,0,-21.7661,0,0,-20.2227,0,0,-29.7773,0,0,-28.2339
22063.1,1,0.0574519,0.922807,-0.140279,-0.0572089,-0.879068,0.0932869,-0.0578691,0.882726,-0.152712,0.0575929,-0.8786,0.144784,0,0,-21.0815,0,0,-20.9165,0,0,-29.0835,0,0,-28.9185
22067.1,1,0.0574459,0.922707,-0.140096,-0.0572055,-0.879013,0.0931857,-0.0578619,0.882616,-0.152499,0.0575904,-0.878537,0.144664,0,0,-20.729,0,0,-21.2712,0,0,-28.7288,0,0,-29.271
22071,1,0.0574415,0.922634,-0.139962,-0.0572017,-0.878927,0.0930298,-0.0578564,0.88253,-0.152335,0.0575849,-0.878453,0.144502,0,0,-21.0795,0,0,-20.9317,0,0,-29.0683,0,0,-28.9205
22075,1,0.0574366,0.922577,-0.139857,-0.0571962,-0.878836,0.0928637,-0.0578517,0.882456,-0.152194,0.0575795,-0.878368,0.14434,0,0,-21.7951,0,0,-20.217,0,0,-29.783,0,0,-28.2049
22079.4,1,0.0574333,0.922499,-0.139715,-0.0571919,-0.878763,0.0927312,-0.057846,0.88237,-0.152028,0.0575745,-0.878312,0.144232,0,0,-21.8984,0,0,-20.1124,0,0,-29.8876,0,0,-28.1016
22083.1,1,0.0574271,0.922397,-0.13953,-0.0571884,-0.878721,0.0926521,-0.0578387,0.882258,-0.151813,0.0575729,-0.878277,0.144165,0,0,-21.2993,0,0,-20.7098,0,0,-29.2902,0,0,-28.7007
22087.1,1,0.057421,0.922296,-0.139345,-0.0571856,-0.878675,0.0925691,-0.0578315,0.882145,-0.151597,0.0575708,-0.878243,0.1441,0,0,-20.7406,0,0,-21.2635,0,0,-28.7365,0,0,-29.2594
22091,1,0.0574166,0.922221,-0.139208,-0.0571822,-0.8786,0.0924325,-0.0578259,0.882058,-0.15143,0.0575664,-0.878186,0.143989,0,0,-20.8819,0,0,-21.1304,0,0,-28.8696,0,0,-29.1181
22095,1,0.0574128,0.922176,-0.139125,-0.0571762,-0.878501,0.0922512,-0.0578207,0.882001,-0.151318,0.0575622,-0.878097,0.143821,0,0,-21.6474,0,0,-20.3692,0,0,-29.6308,0,0,-28.3526
22099.3,1,0.0574098,0.922129,-0.139038,-0.0571703,-0.878402,0.0920696,-0.057818,0.881935,-0.151194,0.0575568,-0.878013,0.143658,0,0,-21.9624,0,0,-20.0577,0,0,-29.9423,0,0,-28.0376
22103.2,1,0.0574063,0.922051,-0.138897,-0.057166,-0.878329,0.091937,-0.0578123,0.881848,-0.151028,0.0575519,-0.877957,0.14355,0,0,-21.5736,0,0,-20.455,0,0,-29.545,0,0,-28.4264
22107.2,1,0.0574018,0.921977,-0.138761,-0.0571617,-0.878257,0.0918046,-0.0578067,0.881762,-0.150861,0.0575493,-0.877894,0.143431,0,0,-20.8622,0,0,-21.1665,0,0,-28.8335,0,0,-29.1378
22111.2,1,0.057398,0.921932,-0.138678,-0.0571557,-0.878157,0.0916232,-0.0578015,0.881704,-0.150749,0.0575439,-0.877809,0.143268,0,0,-20.7407,0,0,-21.2958,0,0,-28.7042,0,0,-29.2593
22115.3,1,0.0573973,0.921909,-0.138637,-0.0571481,-0.878031,0.0913927,-0.0577997,0.881666,-0.150677,0.0575368,-0.877699,0.143057,0,0,-21.4808,0,0,-20.5557,0,0,-29.4443,0,0,-28.5192
22119.2,1,0.057396,0.921888,-0.138598,-0.0571406,-0.877905,0.0911619,-0.0577974,0.88163,-0.150608,0.0575297,-0.877589,0.142845,0,0,-22.0133,0,0,-20.0222,0,0,-29.9778,0,0,-27.9867
22123.2,1,0.0573926,0.921842,-0.138514,-0.0571347,-0.877806,0.09098,-0.0577942,0.881566,-0.150487,0.0575244,-0.877504,0.142683,0,0,-21.7553,0,0,-20.2852,0,0,-29.7148,0,0,-28.2447
22127.1,1,0.057389,0.921764,-0.138373,-0.0571305,-0.877733,0.0908473,-0.0577885,0.881479,-0.15032,0.0575194,-0.877449,0.142574,0,0,-20.9563,0,0,-21.0824,0,0,-28.9176,0,0,-29.0437
22131,1,0.0573845,0.92169,-0.138237,-0.0571261,-0.877661,0.0907148,-0.0577829,0.881392,-0.150153,0.0575169,-0.877386,0.142455,0,0,-20.6759,0,0,-21.3702,0,0,-28.6298,0,0,-29.3241
22135,1,0.0573807,0.921645,-0.138154,-0.0571202,-0.877561,0.0905333,-0.0577777,0.881335,-0.150041,0.0575114,-0.877301,0.142293,0,0,-21.2199,0,0,-20.8276,0,0,-29.1724,0,0,-28.7801
22139,1,0.0573778,0.921597,-0.138067,-0.0571143,-0.877462,0.0903516,-0.057775,0.881269,-0.149917,0.057506,-0.877216,0.14213,0,0,-21.9264,0,0,-20.1222,0,0,-29.8778,0,0,-28.0736
22143,1,0.0573742,0.92152,-0.137926,-0.05711,-0.877389,0.0902189,-0.0577694,0.881182,-0.149751,0.0575011,-0.877161,0.142022,0,0,-21.9575,0,0,-20.0981,0,0,-29.9019,0,0,-28.0425
22147,1,0.0573681,0.921418,-0.137741,-0.0571064,-0.877347,0.0901397,-0.0577621,0.88107,-0.149535,0.0574994,-0.877125,0.141955,0,0,-21.171,0,0,-20.8834,0,0,-29.1166,0,0,-28.829
22151.2,1,0.057362,0.921317,-0.137555,-0.0571036,-0.877301,0.0900566,-0.0577548,0.880958,-0.14932,0.0574973,-0.877091,0.14189,0,0,-20.6853,0,0,-21.3744,0,0,-28.6256,0,0,-29.3147
22155,1,0.0573575,0.921242,-0.137418,-0.0571003,-0.877226,0.0899198,-0.0577493,0.880871,-0.149153,0.057493,-0.877034,0.141779,0,0,-21.0658,0,0,-20.9948,0,0,-29.0052,0,0,-28.9342
22158.9,1,0.0573537,0.921197,-0.137335,-0.0570951,-0.87714,0.0897627,-0.0577441,0.880813,-0.14904,0.0574889,-0.876947,0.141614,0,0,-21.8673,0,0,-20.1942,0,0,-29.8058,0,0,-28.1327
22163,1,0.0573508,0.921149,-0.137248,-0.0570908,-0.877067,0.0896298,-0.0577414,0.880748,-0.148916,0.0574837,-0.876866,0.141457,0,0,-21.9463,0,0,-20.1229,0,0,-29.8771,0,0,-28.0537
22166.9,1,0.0573473,0.921072,-0.137107,-0.0570872,-0.877025,0.0895504,-0.0577358,0.880661,-0.14875,0.0574791,-0.876813,0.141355,0,0,-21.3545,0,0,-20.7171,0,0,-29.2829,0,0,-28.6455
22171,1,0.0573428,0.920997,-0.136971,-0.0570845,-0.876979,0.0894672,-0.0577302,0.880574,-0.148583,0.0574754,-0.876757,0.141248,0,0,-20.8422,0,0,-21.2386,0,0,-28.7614,0,0,-29.1578
22174.9,1,0.057339,0.920952,-0.136888,-0.0570811,-0.876904,0.0893301,-0.057725,0.880516,-0.14847,0.0574714,-0.876672,0.141086,0,0,-20.994,0,0,-21.0886,0,0,-28.9114,0,0,-29.006
22178.9,1,0.0573383,0.920929,-0.136847,-0.0570751,-0.876804,0.0891484,-0.0577231,0.880478,-0.148399,0.0574646,-0.876565,0.140881,0,0,-21.7997,0,0,-20.285,0,0,-29.715,0,0,-28.2003
22183,1,0.057337,0.920908,-0.136808,-0.0570692,-0.876705,0.0889664,-0.0577209,0.880442,-0.148329,0.0574578,-0.876458,0.140676,0,0,-21.9255,0,0,-20.1686,0,0,-29.8314,0,0,-28.0745
22187,1,0.0573336,0.920862,-0.136724,-0.0570649,-0.876632,0.0888333,-0.0577176,0.880378,-0.148208,0.0574526,-0.876377,0.140519,0,0,-21.5078,0,0,-20.5847,0,0,-29.4153,0,0,-28.4922
22190.9,1,0.0573299,0.920806,-0.136621,-0.0570601,-0.876574,0.0887267,-0.0577124,0.880321,-0.148096,0.0574476,-0.876297,0.140366,0,0,-20.9914,0,0,-21.109,0,0,-28.891,0,0,-29.0086
22194.9,1,0.057328,0.920766,-0.136548,-0.0570567,-0.876493,0.0885799,-0.0577106,0.880283,-0.148024,0.057441,-0.876194,0.140168,0,0,-21.1435,0,0,-20.9561,0,0,-29.0439,0,0,-28.8565
22198.9,1,0.0573273,0.920746,-0.136512,-0.0570511,-0.8764,0.0884097,-0.0577098,0.880262,-0.147985,0.057434,-0.876083,0.139956,0,0,-21.7278,0,0,-20.3719,0,0,-29.6281,0,0,-28.2722
22202.9,1,0.0573257,0.920722,-0.136467,-0.0570463,-0.876318,0.0882595,-0.0577078,0.880235,-0.147933,0.0574281,-0.875991,0.139779,0,0,-21.7924,0,0,-20.3138,0,0,-29.6862,0,0,-28.2076
22207,1,0.057322,0.920672,-0.136375,-0.0570419,-0.876266,0.0881636,-0.0577038,0.880184,-0.147833,0.057424,-0.875924,0.139651,0,0,-21.4086,0,0,-20.693,0,0,-29.307,0,0,-28.5914
22210.9,1,0.0573189,0.92062,-0.136281,-0.0570386,-0.876212,0.088063,-0.0577003,0.880131,-0.147731,0.0574197,-0.875857,0.139523,0,0,-21.0048,0,0,-21.1044,0,0,-28.8956,0,0,-28.9952
22215,1,0.0573179,0.920593,-0.136232,-0.0570349,-0.876126,0.0879076,-0.0576991,0.880101,-0.147675,0.0574138,-0.875765,0.139346,0,0,-21.2339,0,0,-20.8779,0,0,-29.1221,0,0,-28.7661
22218.9,1,0.0573165,0.920568,-0.136187,-0.05703,-0.876044,0.0877574,-0.0576974,0.880073,-0.147622,0.057408,-0.875673,0.139168,0,0,-21.7543,0,0,-20.361,0,0,-29.639,0,0,-28.2457
22223,1,0.0573128,0.920518,-0.136095,-0.0570257,-0.875992,0.0876615,-0.0576934,0.880022,-0.147522,0.0574038,-0.875606,0.13904,0,0,-21.7541,0,0,-20.3708,0,0,-29.6292,0,0,-28.2459
22226.9,1,0.0573091,0.920437,-0.135946,-0.0570245,-0.875962,0.0876075,-0.0576894,0.879939,-0.147366,0.0574004,-0.875567,0.138965,0,0,-21.2629,0,0,-20.8625,0,0,-29.1375,0,0,-28.7371
22231.1,1,0.0573044,0.920358,-0.135803,-0.0570229,-0.875934,0.0875557,-0.0576844,0.879861,-0.147215,0.0573977,-0.875526,0.138886,0,0,-21.0525,0,0,-21.0813,0,0,-28.9187,0,0,-28.9475
22235.1,1,0.0573003,0.920309,-0.135713,-0.057019,-0.875881,0.0874576,-0.0576799,0.879811,-0.147118,0.0573943,-0.875457,0.138754,0,0,-21.2854,0,0,-20.8481,0,0,-29.1519,0,0,-28.7146
22239.1,1,0.0572989,0.920279,-0.135657,-0.0570156,-0.875801,0.0873136,-0.0576783,0.879778,-0.147055,0.057389,-0.875373,0.138593,0,0,-21.7399,0,0,-20.3926,0,0,-29.6074,0,0,-28.2601
22243.1,1,0.0572969,0.920245,-0.135596,-0.0570115,-0.875731,0.0871859,-0.057676,0.879743,-0.146988,0.0573843,-0.875298,0.13845,0,0,-21.8332,0,0,-20.307,0,0,-29.693,0,0,-28.1668
22247.1,1,0.0572926,0.920187,-0.135489,-0.0570082,-0.875691,0.0871115,-0.0576728,0.87968,-0.146869,0.0573802,-0.875252,0.13836,0,0,-21.4579,0,0,-20.6775,0,0,-29.3225,0,0,-28.5421
22251.1,1,0.0572903,0.920123,-0.135373,-0.0570056,-0.875649,0.0870335,-0.0576677,0.879624,-0.146759,0.057377,-0.875203,0.138266,0,0,-21.0597,0,0,-21.0814,0,0,-28.9186,0,0,-28.9403
22255,1,0.0572876,0.920091,-0.135314,-0.0570023,-0.875576,0.0869019,-0.0576659,0.879587,-0.146689,0.0573733,-0.875125,0.138118,0,0,-21.1152,0,0,-21.0271,0,0,-28.9729,0,0,-28.8848
22259.1,1,0.0572872,0.920085,-0.135303,-0.0569965,-0.87548,0.0867253,-0.057665,0.879579,-0.146672,0.0573669,-0.875025,0.137925,0,0,-21.6683,0,0,-20.4765,0,0,-29.5235,0,0,-28.3317
22262.9,1,0.0572867,0.920078,-0.135291,-0.0569908,-0.875383,0.0865484,-0.0576643,0.879569,-0.146654,0.0573606,-0.874925,0.137733,0,0,-21.9502,0,0,-20.2033,0,0,-29.7967,0,0,-28.0498
22266.9,1,0.0572848,0.920044,-0.135229,-0.0569867,-0.875313,0.0864206,-0.0576625,0.879533,-0.146585,0.0573559,-0.87485,0.137589,0,0,-21.5796,0,0,-20.5744,0,0,-29.4256,0,0,-28.4204
22270.8,1,0.0572819,0.920001,-0.135149,-0.0569822,-0.87526,0.0863215,-0.05766,0.879495,-0.146512,0.0573517,-0.874783,0.137461,0,0,-21.0841,0,0,-21.077,0,0,-28.923,0,0,-28.9159
22274.8,1,0.0572806,0.919972,-0.135096,-0.0569791,-0.875185,0.0861856,-0.0576595,0.879477,-0.146479,0.0573463,-0.874698,0.137299,0,0,-21.1702,0,0,-20.9895,0,0,-29.0105,0,0,-28.8298
22279,1,0.0572801,0.91997,-0.135093,-0.0569735,-0.875091,0.0860144,-0.0576595,0.879477,-0.146479,0.05734,-0.874599,0.137108,0,0,-21.698,0,0,-20.4587,0,0,-29.5413,0,0,-28.302
22282.9,1,0.05728,0.919964,-0.135082,-0.0569683,-0.875002,0.0858515,-0.0576586,0.879463,-0.146452,0.0573344,-0.87451,0.136937,0,0,-21.942,0,0,-20.2207,0,0,-29.7793,0,0,-28.058
22286.8,1,0.0572781,0.919932,-0.135024,-0.0569634,-0.874944,0.0857436,-0.0576556,0.879426,-0.146381,0.0573304,-0.874446,0.136815,0,0,-21.6027,0,0,-20.5556,0,0,-29.4444,0,0,-28.3973
22290.8,1,0.057274,0.919875,-0.134919,-0.0569616,-0.874904,0.0856708,-0.0576517,0.879373,-0.146278,0.0573257,-0.874393,0.136711,0,0,-21.1457,0,0,-21.0177,0,0,-28.9823,0,0,-28.8543
22294.9,1,0.0572704,0.919817,-0.134812,-0.056959,-0.874862,0.0855941,-0.0576489,0.879327,-0.146189,0.057322,-0.874314,0.136561,0,0,-21.1733,0,0,-20.9986,0,0,-29.0014,0,0,-28.8267
22299,1,0.0572691,0.919783,-0.134752,-0.0569558,-0.87479,0.0854638,-0.0576482,0.879305,-0.146147,0.0573156,-0.874213,0.136366,0,0,-21.6019,0,0,-20.5829,0,0,-29.4171,0,0,-28.3981
22302.9,1,0.0572673,0.919751,-0.134693,-0.0569517,-0.874721,0.0853374,-0.057647,0.879284,-0.146108,0.0573092,-0.874111,0.136172,0,0,-21.9067,0,0,-20.2889,0,0,-29.7111,0,0,-28.0933
22306.7,1,0.0572632,0.919694,-0.134589,-0.0569484,-0.874682,0.0852641,-0.0576434,0.87924,-0.146023,0.0573045,-0.874035,0.136027,0,0,-21.6772,0,0,-20.5151,0,0,-29.4849,0,0,-28.3228
22310.8,1,0.0572608,0.919631,-0.134474,-0.0569463,-0.874645,0.0851971,-0.0576394,0.879183,-0.145913,0.0573003,-0.873988,0.135934,0,0,-21.2259,0,0,-20.9713,0,0,-29.0287,0,0,-28.7741
22315,1,0.0572581,0.919599,-0.134415,-0.0569425,-0.874589,0.0850937,-0.0576368,0.879137,-0.145826,0.057297,-0.873937,0.135836,0,0,-21.214,0,0,-20.9747,0,0,-29.0253,0,0,-28.786
22318.8,1,0.0572576,0.919593,-0.134403,-0.0569386,-0.8745,0.0849334,-0.0576362,0.879116,-0.145786,0.0572932,-0.873857,0.135684,0,0,-21.6179,0,0,-20.5579,0,0,-29.4421,0,0,-28.3821
22322.7,1,0.0572572,0.919586,-0.134391,-0.0569336,-0.874416,0.0847784,-0.057635,0.879097,-0.145749,0.0572884,-0.87378,0.135536,0,0,-21.8628,0,0,-20.3185,0,0,-29.6815,0,0,-28.1372
22326.7,1,0.0572552,0.919552,-0.134329,-0.0569291,-0.874361,0.0846781,-0.0576316,0.879054,-0.145666,0.0572841,-0.873732,0.135443,0,0,-21.6411,0,0,-20.5449,0,0,-29.4551,0,0,-28.3589
22330.9,1,0.0572514,0.919497,-0.134228,-0.056927,-0.87432,0.0846018,-0.0576281,0.879003,-0.145568,0.0572816,-0.873689,0.13536,0,0,-21.2545,0,0,-20.9418,0,0,-29.0582,0,0,-28.7455
22334.7,1,0.0572484,0.919446,-0.134134,-0.0569238,-0.874269,0.0845095,-0.0576264,0.878969,-0.145502,0.0572787,-0.873626,0.135241,0,0,-21.2675,0,0,-20.9335,0,0,-29.0665,0,0,-28.7325
22338.8,1,0.0572475,0.919419,-0.134086,-0.0569202,-0.874188,0.084362,-0.0576257,0.878962,-0.145489,0.0572733,-0.873541,0.135077,0,0,-21.6639,0,0,-20.5376,0,0,-29.4624,0,0,-28.3361
22342.8,1,0.0572461,0.919394,-0.134041,-0.0569156,-0.87411,0.0842192,-0.0576252,0.878954,-0.145474,0.0572679,-0.873456,0.134914,0,0,-21.8813,0,0,-20.3249,0,0,-29.6751,0,0,-28.1187
22346.8,1,0.0572424,0.919344,-0.133949,-0.0569116,-0.874062,0.0841305,-0.0576233,0.87892,-0.14541,0.0572629,-0.873399,0.134804,0,0,-21.6286,0,0,-20.5751,0,0,-29.4249,0,0,-28.3714
22350.9,1,0.0572393,0.919293,-0.133855,-0.0569092,-0.874019,0.0840518,-0.05762,0.878875,-0.145323,0.0572604,-0.873354,0.134717,0,0,-21.253,0,0,-20.9537,0,0,-29.0463,0,0,-28.747
22354.8,1,0.0572384,0.919266,-0.133807,-0.0569065,-0.873955,0.0839353,-0.0576182,0.878841,-0.145257,0.0572566,-0.873298,0.13461,0,0,-21.3523,0,0,-20.8536,0,0,-29.1464,0,0,-28.6477
22358.7,1,0.0572384,0.919266,-0.133807,-0.0569012,-0.873867,0.0837739,-0.0576174,0.878833,-0.145242,0.0572527,-0.873213,0.134449,0,0,-21.7151,0,0,-20.492,0,0,-29.508,0,0,-28.2849
22362.8,1,0.0572384,0.919266,-0.133807,-0.056896,-0.873778,0.0836123,-0.0576168,0.878825,-0.145227,0.0572475,-0.873132,0.134292,0,0,-21.8886,0,0,-20.3251,0,0,-29.6749,0,0,-28.1114
22366.9,1,0.0572372,0.919245,-0.133768,-0.0568912,-0.873721,0.0835056,-0.0576149,0.87879,-0.145161,0.0572429,-0.873079,0.13419,0,0,-21.6207,0,0,-20.5942,0,0,-29.4058,0,0,-28.3793
22370.8,1,0.0572341,0.919202,-0.133689,-0.0568884,-0.87367,0.0834128,-0.0576122,0.87875,-0.145084,0.0572398,-0.873029,0.134094,0,0,-21.2547,0,0,-20.9661,0,0,-29.0339,0,0,-28.7453
22374.7,1,0.057232,0.919165,-0.13362,-0.0568856,-0.873601,0.0832867,-0.0576113,0.878727,-0.14504,0.0572365,-0.872957,0.133956,0,0,-21.3333,0,0,-20.8873,0,0,-29.1127,0,0,-28.6667
22378.8,1,0.057231,0.919155,-0.133603,-0.0568804,-0.873513,0.0831268,-0.0576112,0.878727,-0.14504,0.0572312,-0.872873,0.133795,0,0,-21.8202,0,0,-20.3984,0,0,-29.6016,0,0,-28.1798
22382.7,1,0.0572302,0.919145,-0.133585,-0.0568756,-0.873431,0.0829769,-0.05761,0.878719,-0.145024,0.0572266,-0.872799,0.133654,0,0,-21.9072,0,0,-20.3147,0,0,-29.6853,0,0,-28.0928
22386.8,1,0.0572284,0.919106,-0.133514,-0.0568713,-0.87338,0.0828814,-0.0576082,0.878685,-0.144958,0.0572227,-0.872754,0.133566,0,0,-21.5839,0,0,-20.6344,0,0,-29.3656,0,0,-28.4161
22390.7,1,0.0572262,0.919069,-0.133445,-0.0568683,-0.873329,0.0827879,-0.057606,0.87865,-0.144892,0.0572196,-0.872706,0.133475,0,0,-21.2648,0,0,-20.9569,0,0,-29.0431,0,0,-28.7352
22394.8,1,0.0572252,0.919059,-0.133427,-0.056865,-0.873251,0.082647,-0.0576051,0.878642,-0.144876,0.057216,-0.87263,0.133329,0,0,-21.4109,0,0,-20.8127,0,0,-29.1873,0,0,-28.5891
22398.9,1,0.0572255,0.919045,-0.133403,-0.0568605,-0.873174,0.0825067,-0.0576044,0.878633,-0.144859,0.0572114,-0.872557,0.133188,0,0,-21.8417,0,0,-20.3856,0,0,-29.6144,0,0,-28.1583
22402.9,1,0.0572227,0.919009,-0.133336,-0.0568564,-0.873125,0.082416,-0.0576026,0.878597,-0.14479,0.0572075,-0.872512,0.133101,0,0,-21.8634,0,0,-20.3694,0,0,-29.6306,0,0,-28.1366
22406.8,1,0.0572195,0.918942,-0.133214,-0.0568554,-0.873099,0.0823675,-0.0575995,0.878535,-0.144672,0.0572066,-0.872488,0.133056,0,0,-21.456,0,0,-20.776,0,0,-29.224,0,0,-28.544
22410.8,1,0.0572157,0.918877,-0.133096,-0.056854,-0.873073,0.0823214,-0.0575944,0.878479,-0.144562,0.0572052,-0.872465,0.133013,0,0,-21.26,0,0,-20.9758,0,0,-29.0242,0,0,-28.74
22414.7,1,0.0572127,0.918842,-0.13303,-0.0568503,-0.873023,0.0822288,-0.0575926,0.878442,-0.144493,0.0572016,-0.872419,0.132924,0,0,-21.5136,0,0,-20.722,0,0,-29.278,0,0,-28.4864
22418.7,1,0.0572108,0.918809,-0.132971,-0.0568471,-0.87297,0.0821312,-0.0575905,0.878408,-0.144428,0.0571986,-0.872372,0.132832,0,0,-21.8959,0,0,-20.3393,0,0,-29.6607,0,0,-28.1041
22422.8,1,0.0572071,0.918757,-0.132874,-0.056846,-0.87294,0.0820775,-0.0575862,0.878351,-0.144317,0.0571978,-0.872348,0.132787,0,0,-21.8165,0,0,-20.4228,0,0,-29.5772,0,0,-28.1835
22426.7,1,0.0572038,0.918679,-0.132734,-0.0568449,-0.872931,0.0820607,-0.0575828,0.878275,-0.144172,0.0571969,-0.872341,0.132773,0,0,-21.3792,0,0,-20.8601,0,0,-29.1399,0,0,-28.6208
22430.7,1,0.0571998,0.918612,-0.132611,-0.0568444,-0.872909,0.0820201,-0.0575789,0.878213,-0.144053,0.0571961,-0.872319,0.132732,0,0,-21.261,0,0,-20.9831,0,0,-29.0169,0,0,-28.739
22434.7,1,0.0571966,0.918574,-0.13254,-0.0568411,-0.872863,0.0819362,-0.0575759,0.878179,-0.143987,0.0571927,-0.872276,0.132648,0,0,-21.611,0,0,-20.6334,0,0,-29.3666,0,0,-28.389
22438.9,1,0.0571941,0.918533,-0.132466,-0.0568382,-0.872816,0.0818497,-0.0575735,0.878143,-0.143918,0.0571898,-0.87223,0.132561,0,0,-21.9217,0,0,-20.3227,0,0,-29.6773,0,0,-28.0783
22442.8,1,0.0571909,0.918463,-0.132339,-0.0568376,-0.872794,0.0818098,-0.0575703,0.878079,-0.143797,0.0571891,-0.872209,0.13252,0,0,-21.751,0,0,-20.4972,0,0,-29.5028,0,0,-28.249
22446.7,1,0.0571869,0.918396,-0.132215,-0.0568365,-0.872773,0.0817724,-0.0575664,0.878017,-0.143678,0.0571879,-0.872189,0.132482,0,0,-21.3143,0,0,-20.933,0,0,-29.067,0,0,-28.6857
22450.7,1,0.0571837,0.918357,-0.132145,-0.0568331,-0.872728,0.0816886,-0.0575634,0.877983,-0.143612,0.0571846,-0.872146,0.132399,0,0,-21.3092,0,0,-20.9422,0,0,-29.0578,0,0,-28.6908
22454.7,1,0.0571834,0.918342,-0.132117,-0.0568297,-0.872651,0.0815482,-0.0575622,0.877974,-0.143594,0.057181,-0.872072,0.132259,0,0,-21.7532,0,0,-20.4984,0,0,-29.5016,0,0,-28.2468
22458.8,1,0.0571826,0.918328,-0.132092,-0.0568253,-0.872576,0.0814122,-0.0575625,0.87796,-0.143569,0.0571766,-0.872002,0.132123,0,0,-21.9363,0,0,-20.3152,0,0,-29.6848,0,0,-28.0637
22462.7,1,0.0571796,0.91829,-0.132021,-0.0568216,-0.872532,0.0813298,-0.0575597,0.877926,-0.143502,0.0571729,-0.87196,0.132041,0,0,-21.5983,0,0,-20.6566,0,0,-29.3434,0,0,-28.4017
22466.7,1,0.0571771,0.918249,-0.131947,-0.0568188,-0.872485,0.0812435,-0.0575573,0.87789,-0.143433,0.0571702,-0.871917,0.13196,0,0,-21.2851,0,0,-20.9695,0,0,-29.0305,0,0,-28.7149
22470.8,1,0.0571769,0.918234,-0.131919,-0.0568154,-0.872408,0.0811029,-0.0575563,0.877881,-0.143415,0.057167,-0.871849,0.13183,0,0,-21.3821,0,0,-20.8757,0,0,-29.1243,0,0,-28.6179
22474.8,1,0.0571763,0.918229,-0.13191,-0.0568108,-0.872329,0.0809595,-0.0575558,0.877872,-0.143398,0.0571629,-0.871783,0.131703,0,0,-21.8268,0,0,-20.4297,0,0,-29.5703,0,0,-28.1732
22478.7,1,0.0571749,0.918204,-0.131864,-0.0568064,-0.872277,0.0808632,-0.0575542,0.877839,-0.143336,0.0571595,-0.871744,0.131628,0,0,-21.8856,0,0,-20.3706,0,0,-29.6294,0,0,-28.1144
22482.7,1,0.0571712,0.918154,-0.131773,-0.0568053,-0.872247,0.0808087,-0.05755,0.877784,-0.143229,0.0571591,-0.871727,0.131596,0,0,-21.5162,0,0,-20.743,0,0,-29.257,0,0,-28.4838
22486.7,1,0.0571681,0.918103,-0.131679,-0.0568037,-0.872219,0.0807566,-0.0575463,0.877727,-0.143119,0.0571581,-0.871711,0.131566,0,0,-21.2796,0,0,-20.9807,0,0,-29.0193,0,0,-28.7204
22490.7,1,0.0571672,0.918076,-0.131631,-0.0567998,-0.872165,0.080658,-0.0575449,0.877694,-0.143056,0.057155,-0.871672,0.13149,0,0,-21.4859,0,0,-20.779,0,0,-29.221,0,0,-28.5141
22494.7,1,0.0571658,0.918052,-0.131586,-0.0567965,-0.87211,0.0805568,-0.0575432,0.877664,-0.143001,0.0571524,-0.871631,0.131411,0,0,-21.8956,0,0,-20.3708,0,0,-29.6292,0,0,-28.1044
22498.9,1,0.0571621,0.918002,-0.131494,-0.0567955,-0.87208,0.080502,-0.0575394,0.877614,-0.142904,0.057152,-0.871614,0.131378,0,0,-21.8316,0,0,-20.4339,0,0,-29.5661,0,0,-28.1684
22503,1,0.0571585,0.91792,-0.131346,-0.0567955,-0.87208,0.080502,-0.0575356,0.877536,-0.142755,0.0571535,-0.871615,0.131383,0,0,-21.4203,0,0,-20.8462,0,0,-29.1538,0,0,-28.5797
22506.9,1,0.0571538,0.917842,-0.131202,-0.0567951,-0.872078,0.0804985,-0.057531,0.877464,-0.142616,0.0571537,-0.871617,0.131386,0,0,-21.2371,0,0,-21.0285,0,0,-28.9715,0,0,-28.7629
22511,1,0.0571497,0.917793,-0.131113,-0.0567937,-0.872048,0.0804449,-0.0575271,0.87742,-0.14253,0.0571509,-0.871598,0.131347,0,0,-21.4426,0,0,-20.828,0,0,-29.172,0,0,-28.5574
22515,1,0.0571488,0.917767,-0.131065,-0.0567898,-0.871995,0.0803462,-0.0575262,0.877395,-0.142484,0.0571476,-0.871555,0.131265,0,0,-21.8921,0,0,-20.3802,0,0,-29.6198,0,0,-28.1079
22519,1,0.0571473,0.917742,-0.13102,-0.0567865,-0.87194,0.080245,-0.0575246,0.877371,-0.142438,0.0571452,-0.871516,0.13119,0,0,-21.9652,0,0,-20.3073,0,0,-29.6927,0,0,-28.0348
22522.9,1,0.0571437,0.917692,-0.130928,-0.0567855,-0.871909,0.0801902,-0.0575209,0.877323,-0.142345,0.057145,-0.871501,0.131162,0,0,-21.6486,0,0,-20.6233,0,0,-29.3767,0,0,-28.3514
22526.8,1,0.0571406,0.917641,-0.130834,-0.0567838,-0.871881,0.0801381,-0.0575177,0.877274,-0.14225,0.0571442,-0.871488,0.131137,0,0,-21.2413,0,0,-21.0283,0,0,-28.9717,0,0,-28.7587
22531,1,0.0571397,0.917615,-0.130787,-0.05678,-0.871827,0.0800395,-0.0575167,0.877248,-0.142201,0.0571412,-0.871451,0.131065,0,0,-21.3323,0,0,-20.94,0,0,-29.06,0,0,-28.6677
22534.9,1,0.0571392,0.917613,-0.130783,-0.0567769,-0.871751,0.0799011,-0.0575162,0.877246,-0.142197,0.0571382,-0.871389,0.130947,0,0,-21.8929,0,0,-20.3809,0,0,-29.6191,0,0,-28.1071
22538.8,1,0.0571384,0.917604,-0.130767,-0.0567732,-0.871688,0.0797858,-0.0575156,0.877238,-0.142182,0.0571337,-0.871338,0.130847,0,0,-21.9475,0,0,-20.3275,0,0,-29.6725,0,0,-28.0525
22542.9,1,0.0571366,0.917567,-0.130699,-0.0567704,-0.871654,0.0797232,-0.0575137,0.877204,-0.142118,0.0571324,-0.871307,0.130789,0,0,-21.6014,0,0,-20.6769,0,0,-29.3231,0,0,-28.3986
22546.8,1,0.0571344,0.917531,-0.130634,-0.0567683,-0.871619,0.0796576,-0.0575116,0.877171,-0.142054,0.0571306,-0.871278,0.130733,0,0,-21.2623,0,0,-21.0167,0,0,-28.9833,0,0,-28.7377
22550.7,1,0.0571337,0.917523,-0.130619,-0.0567653,-0.871553,0.079539,-0.057511,0.877164,-0.14204,0.0571266,-0.871225,0.130631,0,0,-21.4206,0,0,-20.862,0,0,-29.138,0,0,-28.5794
22554.6,1,0.0571331,0.917514,-0.130602,-0.0567616,-0.87149,0.0794237,-0.0575104,0.877156,-0.142026,0.0571232,-0.871171,0.130526,0,0,-21.8839,0,0,-20.3991,0,0,-29.6009,0,0,-28.1161
22558.6,1,0.0571312,0.917477,-0.130535,-0.0567588,-0.871457,0.0793611,-0.0575085,0.877123,-0.141961,0.0571219,-0.87114,0.130468,0,0,-21.8831,0,0,-20.3991,0,0,-29.6009,0,0,-28.1169
22562.6,1,0.0571282,0.917412,-0.130417,-0.056758,-0.871449,0.0793462,-0.0575042,0.877066,-0.141851,0.0571214,-0.871138,0.130464,0,0,-21.4651,0,0,-20.8192,0,0,-29.1808,0,0,-28.5349
22566.9,2,0.0571245,0.917349,-0.130302,-0.0567574,-0.87144,0.0793303,-0.0575017,0.877003,-0.141732,0.0571216,-0.871133,0.130454,0,0,-21.2644,0,0,-21.0194,0,0,-28.9806,0,0,-28.7356
22571.1,2,0.0571245,0.917349,-0.130302,-0.0567715,-0.871414,0.0793004,-0.057485,0.876976,-0.141681,0.0571216,-0.871133,0.130454,0,0,0.562151,0,0,-42.8493,0,0,-57.1507,0,0,-0.562151
22575,2,0.0571245,0.917349,-0.130302,-0.0568124,-0.871367,0.0792548,-0.0574409,0.876951,-0.141648,0.0571216,-0.871133,0.130454,0,0,0.127001,0,0,-42.4146,0,0,-57.5854,0,0,-0.127001
22579,2,0.0571245,0.917349,-0.130302,-0.0568806,-0.871275,0.079134,-0.0573664,0.876913,-0.141589,0.0571216,-0.871133,0.130454,0,0,0.0387292,0,0,-42.3236,0,0,-57.6764,0,0,-0.0387292
22583.1,2,0.0571245,0.917349,-0.130302,-0.0569743,-0.871157,0.0789455,-0.0572622,0.876881,-0.141503,0.0571216,-0.871133,0.130454,0,0,0.00225628,0,0,-42.2881,0,0,-57.7119,0,0,-0.00225628
22587,2,0.0571245,0.917349,-0.130302,-0.0570942,-0.871019,0.0786856,-0.0571283,0.876863,-0.14139,0.0571216,-0.871133,0.130454,0,0,0.00479908,0,0,-42.2891,0,0,-57.7109,0,0,-0.00479908
22591,2,0.0571245,0.917349,-0.130302,-0.0572404,-0.870863,0.0783541,-0.0569645,0.87686,-0.141251,0.0571216,-0.871133,0.130454,0,0,-0.0902125,0,0,-42.1944,0,0,-57.8056,0,0,0.0902125
22595,2,0.0571245,0.917349,-0.130302,-0.0574127,-0.870686,0.077951,-0.0567711,0.87687,-0.141084,0.0571216,-0.871133,0.130454,0,0,-0.0885095,0,0,-42.1952,0,0,-57.8048,0,0,0.0885095
22599,2,0.0571245,0.917349,-0.130302,-0.0576112,-0.870485,0.0774766,-0.0565478,0.876895,-0.140891,0.0571216,-0.871133,0.130454,0,0,-0.0869947,0,0,-42.1959,0,0,-57.8041,0,0,0.0869947
22603.1,2,0.0571245,0.917349,-0.130302,-0.0578359,-0.870252,0.076931,-0.0562949,0.876934,-0.140671,0.0571216,-0.871133,0.130454,0,0,-0.204922,0,0,-42.0774,0,0,-57.9226,0,0,0.204922
22607,2,0.0571245,0.917349,-0.130302,-0.0580865,-0.869981,0.0763145,-0.0560134,0.876981,-0.140418,0.0571216,-0.871133,0.130454,0,0,-0.203496,0,0,-42.078,0,0,-57.922,0,0,0.203496
22610.9,2,0.0571245,0.917349,-0.130302,-0.0583632,-0.869664,0.0756273,-0.0557012,0.877036,-0.140143,0.0571216,-0.871133,0.130454,0,0,-0.329444,0,0,-41.9502,0,0,-58.0498,0,0,0.329444
22614.9,2,0.0571245,0.917349,-0.130302,-0.0586659,-0.869293,0.0748698,-0.0553594,0.877088,-0.139841,0.0571216,-0.871133,0.130454,0,0,-0.327863,0,0,-41.9507,0,0,-58.0493,0,0,0.327863
22619.1,2,0.0571245,0.917349,-0.130302,-0.0589945,-0.86886,0.0740422,-0.054988,0.87713,-0.13951,0.0571216,-0.871133,0.130454,0,0,-0.326141,0,0,-41.9512,0,0,-58.0488,0,0,0.326141
22622.9,2,0.0571245,0.917349,-0.130302,-0.0593489,-0.868362,0.0731446,-0.0545871,0.877153,-0.13915,0.0571216,-0.871133,0.130454,0,0,-0.453987,0,0,-41.8199,0,0,-58.1801,0,0,0.453987
22626.9,2,0.0571245,0.917349,-0.130302,-0.0597291,-0.867798,0.0721768,-0.0541567,0.877149,-0.138762,0.0571216,-0.871133,0.130454,0,0,-0.451942,0,0,-41.8203,0,0,-58.1797,0,0,0.451942
22630.9,2,0.0571245,0.917349,-0.130302,-0.060135,-0.867167,0.0711388,-0.053697,0.877112,-0.138344,0.0571216,-0.871133,0.130454,0,0,-0.579169,0,0,-41.6877,0,0,-58.3123,0,0,0.579169
22634.9,2,0.0571245,0.917349,-0.130302,-0.0605666,-0.866471,0.0700305,-0.0532078,0.877036,-0.137896,0.0571216,-0.871133,0.130454,0,0,-0.576375,0,0,-41.6883,0,0,-58.3117,0,0,0.576375
22638.8,2,0.0571245,0.917349,-0.130302,-0.061025,-0.865705,0.0688453,-0.0526894,0.876916,-0.137419,0.0571216,-0.871133,0.130454,0,0,-0.573233,0,0,-41.6887,0,0,-58.3113,0,0,0.573233
22642.7,2,0.0571245,0.917349,-0.130302,-0.0615076,-0.864876,0.0675955,-0.0521417,0.876752,-0.136911,0.0571216,-0.871133,0.130454,0,0,-0.697671,0,0,-41.5557,0,0,-58.4443,0,0,0.697671
22646.6,2,0.0571245,0.917349,-0.130302,-0.0620156,-0.863982,0.0662749,-0.0515649,0.876544,-0.136373,0.0571216,-0.871133,0.130454,0,0,-0.693838,0,0,-41.5559,0,0,-58.4441,0,0,0.693838
22650.6,2,0.0571245,0.917349,-0.130302,-0.0625488,-0.863021,0.0648834,-0.050959,0.876291,-0.135805,0.0571216,-0.871133,0.130454,0,0,-0.818792,0,0,-41.4338,0,0,-58.5662,0,0,0.818792
22654.8,2,0.0571245,0.917349,-0.130302,-0.0631072,-0.861995,0.0634209,-0.0503241,0.875995,-0.135206,0.0571216,-0.871133,0.130454,0,0,-0.808306,0,0,-41.4317,0,0,-58.5683,0,0,0.808306
22658.7,2,0.0571245,0.917349,-0.130302,-0.0636906,-0.860902,0.061887,-0.0496603,0.875655,-0.134576,0.0571216,-0.871133,0.130454,0,0,-0.804959,0,0,-41.414,0,0,-58.586,0,0,0.804959
22662.7,2,0.0571245,0.917349,-0.130302,-0.0642989,-0.859744,0.0602817,-0.0489676,0.87527,-0.133916,0.0571216,-0.871133,0.130454,0,0,-0.920584,0,0,-41.282,0,0,-58.718,0,0,0.920584
22667,2,0.0571245,0.917349,-0.130302,-0.064932,-0.858519,0.0586046,-0.0482462,0.874841,-0.133224,0.0571216,-0.871133,0.130454,0,0,-0.913769,0,0,-41.2842,0,0,-58.7158,0,0,0.913769
22670.9,2,0.0571245,0.917349,-0.130302,-0.0655899,-0.857229,0.0568556,-0.0474961,0.874367,-0.132501,0.0571216,-0.871133,0.130454,0,0,-1.00096,0,0,-41.176,0,0,-58.824,0,0,1.00096
22675,2,0.0571245,0.917349,-0.130302,-0.0662723,-0.855873,0.0550345,-0.0467174,0.873849,-0.131747,0.0571216,-0.871133,0.130454,0,0,-1.02307,0,0,-41.144,0,0,-58.856,0,0,1.02307
22678.9,2,0.0571245,0.917349,-0.130302,-0.0669791,-0.854451,0.053141,-0.0459103,0.873287,-0.13096,0.0571216,-0.871133,0.130454,0,0,-1.01383,0,0,-41.1463,0,0,-58.8537,0,0,1.01383
22682.9,2,0.0571245,0.917349,-0.130302,-0.0677101,-0.852964,0.0511747,-0.0450748,0.872681,-0.130142,0.0571216,-0.871133,0.130454,0,0,-1.12171,0,0,-41.0271,0,0,-58.9729,0,0,1.12171
22686.6,2,0.0571245,0.917349,-0.130302,-0.0684654,-0.851419,0.0491351,-0.0442111,0.872039,-0.129292,0.0571216,-0.871133,0.130454,0,0,-1.10926,0,0,-41.0125,0,0,-58.9875,0,0,1.10926
22690.7,2,0.0571245,0.917349,-0.130302,-0.0692446,-0.849828,0.0470217,-0.0433192,0.87137,-0.12841,0.0571216,-0.871133,0.130454,0,0,-1.20019,0,0,-40.8751,0,0,-59.1249,0,0,1.20019
22694.8,2,0.0571245,0.917349,-0.130302,-0.0700476,-0.848206,0.0448335,-0.0423993,0.870687,-0.127496,0.0571216,-0.871133,0.130454,0,0,-1.18504,0,0,-40.9041,0,0,-59.0959,0,0,1.18504
22698.8,2,0.0571245,0.917349,-0.130302,-0.0708744,-0.846568,0.0425699,-0.0414515,0.870006,-0.126551,0.0571216,-0.871133,0.130454,0,0,-1.21446,0,0,-40.9073,0,0,-59.0927,0,0,1.21446
22702.7,2,0.0571245,0.917349,-0.130302,-0.0717246,-0.844917,0.0402306,-0.0404758,0.869337,-0.125574,0.0571216,-0.871133,0.130454,0,0,-1.30567,0,0,-40.7775,0,0,-59.2225,0,0,1.30567
22706.6,2,0.0571245,0.917349,-0.130302,-0.0725983,-0.843254,0.0378153,-0.0394726,0.86868,-0.124567,0.0571216,-0.871133,0.130454,0,0,-1.2706,0,0,-40.7704,0,0,-59.2296,0,0,1.2706
22710.7,2,0.0571245,0.917349,-0.130302,-0.0734951,-0.841578,0.0353238,-0.0384417,0.868034,-0.123527,0.0571216,-0.871133,0.130454,0,0,-1.37018,0,0,-40.6066,0,0,-59.3934,0,0,1.37018
22714.6,2,0.0571245,0.917349,-0.130302,-0.074415,-0.839888,0.0327559,-0.0373835,0.8674,-0.122456,0.0571216,-0.871133,0.130454,0,0,-1.33898,0,0,-40.6677,0,0,-59.3323,0,0,1.33898
22718.6,2,0.0571245,0.917349,-0.130302,-0.0753577,-0.838186,0.0301114,-0.036298,0.866777,-0.121353,0.0571216,-0.871133,0.130454,0,0,-1.37102,0,0,-40.6683,0,0,-59.3317,0,0,1.37102
22722.6,2,0.0571245,0.917349,-0.130302,-0.0763231,-0.836471,0.02739,-0.0351854,0.866166,-0.120217,0.0571216,-0.871133,0.130454,0,0,-1.43503,0,0,-40.5855,0,0,-59.4145,0,0,1.43503
22726.7,2,0.0571245,0.917349,-0.130302,-0.0773109,-0.834742,0.0245914,-0.0340458,0.865565,-0.119049,0.0571216,-0.871133,0.130454,0,0,-1.41785,0,0,-40.58,0,0,-59.42,0,0,1.41785
22730.7,2,0.0571245,0.917349,-0.130302,-0.0783211,-0.832999,0.0217154,-0.0328793,0.864974,-0.117847,0.0571216,-0.871133,0.130454,0,0,-1.53941,0,0,-40.4298,0,0,-59.5702,0,0,1.53941
22734.6,2,0.0571245,0.917349,-0.130302,-0.0793534,-0.831242,0.0187617,-0.0316862,0.864395,-0.116612,0.0571216,-0.871133,0.130454,0,0,-1.49632,0,0,-40.4842,0,0,-59.5158,0,0,1.49632
22738.6,2,0.0571245,0.917349,-0.130302,-0.0804076,-0.829471,0.0157298,-0.0304665,0.863825,-0.115343,0.0571216,-0.871133,0.130454,0,0,-1.50478,0,0,-40.4942,0,0,-59.5058,0,0,1.50478
22742.6,2,0.0571245,0.917349,-0.130302,-0.0814835,-0.827686,0.0126196,-0.0292204,0.863265,-0.11404,0.0571216,-0.871133,0.130454,0,0,-1.51843,0,0,-40.4192,0,0,-59.5808,0,0,1.51843
22746.7,2,0.0571245,0.917349,-0.130302,-0.082581,-0.825885,0.00943058,-0.0279481,0.862715,-0.112703,0.0571216,-0.871133,0.130454,0,0,-1.51831,0,0,-40.4166,0,0,-59.5834,0,0,1.51831
22750.6,2,0.0571245,0.917349,-0.130302,-0.0836997,-0.82407,0.00616247,-0.0266498,0.862175,-0.11133,0.0571216,-0.871133,0.130454,0,0,-1.6141,0,0,-40.2853,0,0,-59.7147,0,0,1.6141
22754.5,2,0.0571245,0.917349,-0.130302,-0.0848396,-0.82224,0.00281485,-0.0253256,0.861643,-0.109923,0.0571216,-0.871133,0.130454,0,0,-1.57204,0,0,-40.3312,0,0,-59.6688,0,0,1.57204
22758.7,2,0.0571245,0.917349,-0.130302,-0.0860003,-0.820393,-0.000612671,-0.0239756,0.86112,-0.108479,0.0571216,-0.871133,0.130454,0,0,-1.53635,0,0,-40.3339,0,0,-59.6661,0,0,1.53635
22762.9,2,0.0571245,0.917349,-0.130302,-0.0871818,-0.818531,-0.00412051,-0.0226002,0.860606,-0.107,0.0571216,-0.871133,0.130454,0,0,-1.55916,0,0,-40.2232,0,0,-59.7768,0,0,1.55916
22766.8,2,0.0571245,0.917349,-0.130302,-0.0883837,-0.816652,-0.00770912,-0.0211993,0.8601,-0.105483,0.0571216,-0.871133,0.130454,0,0,-1.53131,0,0,-40.2209,0,0,-59.7791,0,0,1.53131
22770.7,2,0.0571245,0.917349,-0.130302,-0.0896059,-0.814757,-0.0113789,-0.0197733,0.859602,-0.10393,0.0571216,-0.871133,0.130454,0,0,-1.51223,0,0,-40.116,0,0,-59.884,0,0,1.51223
22774.9,2,0.0571245,0.917349,-0.130302,-0.0908481,-0.812844,-0.0151304,-0.0183223,0.859112,-0.102339,0.0571216,-0.871133,0.130454,0,0,-23.4867,0,0,-18.1071,0,0,-31.8929,0,0,-26.5133
22778.8,2,0.0571245,0.917349,-0.130302,-0.0921101,-0.810914,-0.0189641,-0.0168465,0.858629,-0.10071,0.0571216,-0.871133,0.130454,0,0,-23.4407,0,0,-18.0913,0,0,-31.9087,0,0,-26.5593
22782.9,2,0.0571245,0.917349,-0.130302,-0.0933916,-0.808966,-0.0228805,-0.0153461,0.858153,-0.0990431,0.0571216,-0.871133,0.130454,0,0,-23.4281,0,0,-17.9483,0,0,-32.0517,0,0,-26.5719
22786.8,2,0.0571245,0.917349,-0.130302,-0.0946926,-0.807,-0.0268801,-0.0138213,0.857683,-0.0973369,0.0571216,-0.871133,0.130454,0,0,-23.3516,0,0,-17.9316,0,0,-32.0684,0,0,-26.6484
22790.9,2,0.0571245,0.917349,-0.130302,-0.0960126,-0.805015,-0.0309634,-0.0122736,0.857215,-0.0955847,0.0571216,-0.871133,0.130454,0,0,-23.2686,0,0,-17.7752,0,0,-32.2248,0,0,-26.7314
22794.9,2,0.0571245,0.917349,-0.130302,-0.0973516,-0.803011,-0.0351311,-0.0107006,0.856757,-0.0937989,0.0571216,-0.871133,0.130454,0,0,-23.2471,0,0,-17.7685,0,0,-32.2315,0,0,-26.7529
22799,2,0.0571245,0.917349,-0.130302,-0.0987092,-0.800987,-0.0393838,-0.00910379,0.856305,-0.0919725,0.0571216,-0.871133,0.130454,0,0,-16.8805,0,0,-25.3612,0,0,-24.6388,0,0,-33.1195
22802.9,2,0.0571245,0.917349,-0.130302,-0.100085,-0.798943,-0.043722,-0.00748338,0.855857,-0.0901049,0.0571216,-0.871133,0.130454,0,0,-17.1175,0,0,-26.4985,0,0,-23.5015,0,0,-32.8825
22806.7,2,0.0571245,0.917349,-0.130302,-0.101479,-0.796878,-0.0481464,-0.00583959,0.855415,-0.0881957,0.0571216,-0.871133,0.130454,0,0,-18.6779,0,0,-25.1415,0,0,-24.8585,0,0,-31.3221
22810.7,2,0.0571245,0.917349,-0.130302,-0.102891,-0.794793,-0.0526577,-0.00417263,0.854976,-0.0862443,0.0571216,-0.871133,0.130454,0,0,-19.9876,0,0,-23.7076,0,0,-26.2924,0,0,-30.0124
22814.8,2,0.0571245,0.917349,-0.130302,-0.104321,-0.792685,-0.0572566,-0.00248272,0.854541,-0.08425,0.0571216,-0.871133,0.130454,0,0,-21.9076,0,0,-21.3632,0,0,-28.6368,0,0,-28.0924
22818.9,2,0.0571245,0.917349,-0.130302,-0.105769,-0.790555,-0.0619437,-0.000770086,0.85411,-0.0822123,0.0571216,-0.871133,0.130454,0,0,-22.8557,0,0,-20.1536,0,0,-29.8464,0,0,-27.1443
22822.8,2,0.0571245,0.917349,-0.130302,-0.107233,-0.788403,-0.0667198,0.000965054,0.853681,-0.0801305,0.0571216,-0.871133,0.130454,0,0,-23.3802,0,0,-19.759,0,0,-30.241,0,0,-26.6198
22826.8,2,0.0571245,0.917349,-0.130302,0.0145651,-1.6591,1.50789,-0.0316692,1.54492,-1.51098,0.0571216,-0.871133,0.130454,0,0,-45.7918,0,0,2.78167,0,0,-2.78167,0,0,-54.2082
22830.8,2,0.0571245,0.917349,-0.130302,0.0144147,-1.65749,1.5073,-0.0315424,1.54482,-1.51061,0.0571216,-0.871133,0.130454,0,0,-45.4882,0,0,2.19283,0,0,-2.19283,0,0,-54.5118
22834.9,2,0.0571245,0.917349,-0.130302,0.0128469,-1.64614,1.50302,-0.0308688,1.54386,-1.50799,0.0571216,-0.871133,0.130454,0,0,-44.8006,0,0,1.5208,0,0,-1.5208,0,0,-55.1994
22838.8,2,0.0571245,0.917349,-0.130302,0.00973444,-1.62502,1.49338,-0.0295304,1.54137,-1.50156,0.0571216,-0.871133,0.130454,0,0,-44.4218,0,0,1.20938,0,0,-1.20938,0,0,-55.5782
22842.7,2,0.0571245,0.917349,-0.130302,0.00560758,-1.59859,1.47728,-0.0276066,1.53656,-1.48964,0.0571216,-0.871133,0.130454,0,0,-44.4866,0,0,1.1678,0,0,-1.1678,0,0,-55.5134
22846.8,2,0.0571245,0.917349,-0.130302,0.00138112,-1.57149,1.45471,-0.0255976,1.52868,-1.47126,0.0571216,-0.871133,0.130454,0,0,-44.2903,0,0,1.13103,0,0,-1.13103,0,0,-55.7097
22850.8,2,0.0571245,0.917349,-0.130302,-0.00232573,-1.54509,1.42584,-0.0238827,1.51729,-1.44601,0.0571216,-0.871133,0.130454,0,0,-44.4305,0,0,1.22952,0,0,-1.22952,0,0,-55.5695
22855.2,2,0.0571245,0.917349,-0.130302,-0.00546222,-1.51873,1.39053,-0.022596,1.5022,-1.4137,0.0571216,-0.871133,0.130454,0,0,-44.3655,0,0,1.19612,0,0,-1.19612,0,0,-55.6345
22858.7,2,0.0571245,0.917349,-0.130302,-0.00800204,-1.49234,1.3499,-0.0218146,1.48385,-1.37541,0.0571216,-0.871133,0.130454,0,0,-44.2806,0,0,1.22095,0,0,-1.22095,0,0,-55.7194
22862.8,2,0.0571245,0.917349,-0.130302,-0.0102293,-1.46433,1.30272,-0.0214154,1.46186,-1.33017,0.0571216,-0.871133,0.130454,0,0,-44.396,0,0,1.35116,0,0,-1.35116,0,0,-55.604
22866.7,2,0.0571245,0.917349,-0.130302,-0.0121396,-1.43563,1.25138,-0.0213574,1.43743,-1.28041,0.0571216,-0.871133,0.130454,0,0,-44.3189,0,0,1.32411,0,0,-1.32411,0,0,-55.6811
22870.9,2,0.0571245,0.917349,-0.130302,-0.013888,-1.4057,1.1957,-0.0215828,1.4106,-1.22606,0.0571216,-0.871133,0.130454,0,0,-44.1611,0,0,1.28362,0,0,-1.28362,0,0,-55.8389
22874.7,2,0.0571245,0.917349,-0.130302,-0.0154829,-1.37606,1.13906,-0.022032,1.3831,-1.17053,0.0571216,-0.871133,0.130454,0,0,-44.1334,0,0,1.12865,0,0,-1.12865,0,0,-55.8666
22878.6,2,0.0571245,0.917349,-0.130302,-0.0170406,-1.3466,1.08167,-0.0226924,1.3551,-1.1141,0.0571216,-0.871133,0.130454,0,0,-44.1459,0,0,0.82422,0,0,-0.82422,0,0,-55.8541
22882.7,2,0.0571245,0.917349,-0.130302,-0.0186234,-1.31737,1.0238,-0.0235538,1.32682,-1.0571,0.0571216,-0.871133,0.130454,0,0,-44.0931,0,0,0.664373,0,0,-0.664373,0,0,-55.9069
22887,2,0.0571245,0.917349,-0.130302,-0.0202787,-1.28899,0.966781,-0.0246227,1.29893,-1.00085,0.0571216,-0.871133,0.130454,0,0,-43.9943,0,0,0.316878,0,0,-0.316878,0,0,-56.0057
22890.8,2,0.0571245,0.917349,-0.130302,-0.0219822,-1.26313,0.914035,-0.0258611,1.27318,-0.94877,0.0571216,-0.871133,0.130454,0,0,-43.6728,0,0,-0.256591,0,0,0.256591,0,0,-56.3272
22894.7,2,0.0571245,0.917349,-0.130302,-0.0238246,-1.23951,0.865011,-0.0273169,1.24932,-0.900337,0.0571216,-0.871133,0.130454,0,0,-43.4369,0,0,-0.639537,0,0,0.639537,0,0,-56.5631
22898.7,2,0.0571245,0.917349,-0.130302,-0.0258075,-1.21913,0.821709,-0.0289807,1.22837,-0.857541,0.0571216,-0.871133,0.130454,0,0,-43.5014,0,0,-0.800162,0,0,0.800162,0,0,-56.4986
22902.7,2,0.0571245,0.917349,-0.130302,-0.0279699,-1.20231,0.784771,-0.0308748,1.21068,-0.821029,0.0571216,-0.871133,0.130454,0,0,-43.9303,0,0,-1.07012,0,0,1.07012,0,0,-56.0697
22906.8,2,0.0571245,0.917349,-0.130302,-0.0303451,-1.18933,0.754725,-0.0330169,1.19653,-0.791336,0.0571216,-0.871133,0.130454,0,0,-44.3882,0,0,-0.44325,0,0,0.44325,0,0,-55.6118
22910.7,2,0.0571245,0.917349,-0.130302,-0.0329403,-1.18038,0.731931,-0.0354181,1.1861,-0.768811,0.0571216,-0.871133,0.130454,0,0,-44.2767,0,0,-0.367186,0,0,0.367186,0,0,-55.7233
22914.9,2,0.0571245,0.917349,-0.130302,-0.0357845,-1.17525,0.716005,-0.038087,1.17922,-0.753092,0.0571216,-0.871133,0.130454,0,0,-44.1889,0,0,-0.153756,0,0,0.153756,0,0,-55.8111
22919.1,2,0.0571245,0.917349,-0.130302,-0.0388482,-1.17355,0.706222,-0.0409926,1.1755,-0.743459,0.0571216,-0.871133,0.130454,0,0,-44.146,0,0,-0.050611,0,0,0.050611,0,0,-55.854
22922.7,2,0.0571245,0.917349,-0.130302,-0.0421517,-1.17448,0.701064,-0.0441469,1.1742,-0.738413,0.0571216,-0.871133,0.130454,0,0,-44.1178,0,0,-0.150516,0,0,0.150516,0,0,-55.8822
22926.8,2,0.0571245,0.917349,-0.130302,-0.0455949,-1.17697,0.698609,-0.0474457,1.17432,-0.736054,0.0571216,-0.871133,0.130454,0,0,-44.1,0,0,-0.109734,0,0,0.109734,0,0,-55.9
22930.7,2,0.0571245,0.917349,-0.130302,-0.0489854,-1.17954,0.696456,-0.0506954,1.17458,-0.734004,0.0571216,-0.871133,0.130454,0,0,-44.0957,0,0,-0.150173,0,0,0.150173,0,0,-55.9043
22934.7,2,0.0571245,0.917349,-0.130302,-0.0523092,-1.18139,0.69297,-0.0538766,1.17418,-0.730636,0.0571216,-0.871133,0.130454,0,0,-44.0809,0,0,-0.114911,0,0,0.114911,0,0,-55.9191
22938.6,2,0.0571245,0.917349,-0.130302,-0.0554109,-1.18186,0.687192,-0.0568368,1.17259,-0.724993,0.0571216,-0.871133,0.130454,0,0,-44.0746,0,0,-0.102918,0,0,0.102918,0,0,-55.9254
22942.7,2,0.0571245,0.917349,-0.130302,-0.0582039,-1.18057,0.678481,-0.0594904,1.16949,-0.716431,0.0571216,-0.871133,0.130454,0,0,-44.0681,0,0,-0.104902,0,0,0.104902,0,0,-55.9319
22946.7,2,0.0571245,0.917349,-0.130302,-0.0606868,-1.17713,0.666104,-0.0618346,1.1645,-0.704221,0.0571216,-0.871133,0.130454,0,0,-44.0607,0,0,-0.10953,0,0,0.10953,0,0,-55.9393
22950.7,2,0.0571245,0.917349,-0.130302,-0.0627294,-1.1715,0.650234,-0.0637454,1.15766,-0.688528,0.0571216,-0.871133,0.130454,0,0,-44.0482,0,0,-0.0837421,0,0,0.0837421,0,0,-55.9518
22954.7,2,0.0571245,0.917349,-0.130302,-0.0643476,-1.16363,0.630733,-0.0652388,1.1489,-0.669213,0.0571216,-0.871133,0.130454,0,0,-44.0507,0,0,-0.0898445,0,0,0.0898445,0,0,-55.9493
22958.6,2,0.0571245,0.917349,-0.130302,-0.0655444,-1.15362,0.607837,-0.0663198,1.13832,-0.646506,0.0571216,-0.871133,0.130454,0,0,-44.0368,0,0,-0.102998,0,0,0.102998,0,0,-55.9632
22962.7,2,0.0571245,0.917349,-0.130302,-0.066346,-1.14173,0.582019,-0.0670161,1.12614,-0.620875,0.0571216,-0.871133,0.130454,0,0,-44.0105,0,0,-0.0708202,0,0,0.0708202,0,0,-55.9895
22966.6,2,0.0571245,0.917349,-0.130302,-0.0668078,-1.12793,0.553109,-0.0673816,1.1123,-0.592154,0.0571216,-0.871133,0.130454,0,0,-44.0028,0,0,-0.0843946,0,0,0.0843946,0,0,-55.9972
22970.6,2,0.0571245,0.917349,-0.130302,-0.0669667,-1.11308,0.522754,-0.067457,1.0976,-0.561976,0.0571216,-0.871133,0.130454,0,0,-43.9777,0,0,-0.0513393,0,0,0.0513393,0,0,-56.0223
22974.6,2,0.0571245,0.917349,-0.130302,-0.0668872,-1.09692,0.490355,-0.0673031,1.08177,-0.529748,0.0571216,-0.871133,0.130454,0,0,-43.982,0,0,-0.0598352,0,0,0.0598352,0,0,-56.018
22978.8,2,0.0571245,0.917349,-0.130302,-0.0666273,-1.08047,0.457788,-0.0669803,1.06575,-0.497337,0.0571216,-0.871133,0.130454,0,0,-43.9856,0,0,-0.0630066,0,0,0.0630066,0,0,-56.0144
22982.6,2,0.0571245,0.917349,-0.130302,-0.0662416,-1.06395,0.425398,-0.0665414,1.04973,-0.465091,0.0571216,-0.871133,0.130454,0,0,-43.9699,0,0,-0.03468,0,0,0.03468,0,0,-56.0301
22986.6,2,0.0571245,0.917349,-0.130302,-0.0657763,-1.04772,0.393816,-0.0660316,1.03404,-0.433638,0.0571216,-0.871133,0.130454,0,0,-43.9755,0,0,-0.0360123,0,0,0.0360123,0,0,-56.0245
22990.6,2,0.0571245,0.917349,-0.130302,-0.0652707,-1.03215,0.363694,-0.0654894,1.01902,-0.40363,0.0571216,-0.871133,0.130454,0,0,-43.9655,0,0,-0.00969113,0,0,0.00969113,0,0,-56.0345
22994.6,2,0.0571245,0.917349,-0.130302,-0.0647744,-1.01807,0.336545,-0.0649643,1.00544,-0.376577,0.0571216,-0.871133,0.130454,0,0,-43.9708,0,0,-0.0104169,0,0,0.0104169,0,0,-56.0292
22998.7,2,0.0571245,0.917349,-0.130302,-0.0643005,-1.00536,0.312131,-0.0644675,0.993204,-0.352246,0.0571216,-0.871133,0.130454,0,0,-43.9922,0,0,-0.00541079,0,0,0.00541079,0,0,-56.0078
23002.6,2,0.0571245,0.917349,-0.130302,-0.0638867,-0.994727,0.29176,-0.0640366,0.982975,-0.33194,0.0571216,-0.871133,0.130454,0,0,-44.0152,0,0,0.0364776,0,0,-0.0364776,0,0,-55.9848
23006.6,2,0.0571245,0.917349,-0.130302,-0.0635407,-0.98614,0.275343,-0.0636782,0.974718,-0.315573,0.0571216,-0.871133,0.130454,0,0,-44.0429,0,0,0.0488073,0,0,-0.0488073,0,0,-55.9571
23010.6,2,0.0571245,0.917349,-0.130302,-0.0632738,-0.979716,0.263084,-0.0634028,0.968544,-0.303349,0.0571216,-0.871133,0.130454,0,0,-44.0683,0,0,0.0873816,0,0,-0.0873816,0,0,-55.9317
23014.8,2,0.0571245,0.917349,-0.130302,-0.0630863,-0.975336,0.25474,-0.0632101,0.964338,-0.295029,0.0571216,-0.871133,0.130454,0,0,-44.0544,0,0,0.0661614,0,0,-0.0661614,0,0,-55.9456
23018.7,2,0.0571245,0.917349,-0.130302,-0.0629795,-0.972908,0.250122,-0.0631004,0.962008,-0.290423,0.0571216,-0.871133,0.130454,0,0,-44.0231,0,0,0.025392,0,0,-0.025392,0,0,-55.9769
23022.5,2,0.0571245,0.917349,-0.130302,-0.0629348,-0.971922,0.248248,-0.0630548,0.961062,-0.288554,0.0571216,-0.871133,0.130454,0,0,-44.0154,0,0,0.0220418,0,0,-0.0220418,0,0,-55.9846
23026.5,2,0.0571245,0.917349,-0.130302,-0.0629266,-0.971751,0.247923,-0.0630463,0.960898,-0.28823,0.0571216,-0.871133,0.130454,0,0,-44.0019,0,0,0.00463917,0,0,-0.00463917,0,0,-55.9981
23030.6,2,0.0571245,0.917349,-0.130302,-0.108714,-0.786227,-0.0715859,0.00269521,0.853246,-0.077986,0.0571216,-0.871133,0.130454,0,0,-21.9996,0,0,-21.9989,0,0,-28.0011,0,0,-28.0004
23034.6,2,0.0571245,0.917349,-0.130302,-0.110187,-0.78404,-0.0765179,0.00439293,0.852793,-0.0757601,0.0571216,-0.871133,0.130454,0,0,-21.9946,0,0,-22.0052,0,0,-27.9948,0,0,-28.0054
23038.6,2,0.0571245,0.917349,-0.130302,-0.111625,-0.781855,-0.0814928,0.00605826,0.852324,-0.0734529,0.0571216,-0.871133,0.130454,0,0,-21.9917,0,0,-22.0087,0,0,-27.9913,0,0,-28.0083
23042.6,2,0.0571245,0.917349,-0.130302,-0.113028,-0.779671,-0.0865106,0.00769114,0.851837,-0.0710643,0.0571216,-0.871133,0.130454,0,0,-21.9904,0,0,-22.0139,0,0,-27.9861,0,0,-28.0096
23047,2,0.0571245,0.917349,-0.130302,-0.114398,-0.777488,-0.0915716,0.00929155,0.851332,-0.0685941,0.0571216,-0.871133,0.130454,0,0,-21.9899,0,0,-22.0142,0,0,-27.9858,0,0,-28.0101
23050.7,2,0.0571245,0.917349,-0.130302,-0.115733,-0.775306,-0.096676,0.0108595,0.85081,-0.0660421,0.0571216,-0.871133,0.130454,0,0,-21.9869,0,0,-22.0225,0,0,-27.9775,0,0,-28.0131
23054.6,2,0.0571245,0.917349,-0.130302,-0.117034,-0.773124,-0.101824,0.0123949,0.850269,-0.0634083,0.0571216,-0.871133,0.130454,0,0,-21.9891,0,0,-22.0118,0,0,-27.9882,0,0,-28.0109
23058.5,2,0.0571245,0.917349,-0.130302,-0.118302,-0.770942,-0.107016,0.0138979,0.84971,-0.0606924,0.0571216,-0.871133,0.130454,0,0,-22.0114,0,0,-21.9758,0,0,-28.0242,0,0,-27.9886
23062.6,2,0.0571245,0.917349,-0.130302,-0.119536,-0.76876,-0.112253,0.0153684,0.849132,-0.0578942,0.0571216,-0.871133,0.130454,0,0,-22.0423,0,0,-21.9501,0,0,-28.0499,0,0,-27.9577
23066.6,2,0.0571245,0.917349,-0.130302,-0.120736,-0.766577,-0.117535,0.0168065,0.848536,-0.0550136,0.0571216,-0.871133,0.130454,0,0,-22.0194,0,0,-21.9818,0,0,-28.0182,0,0,-27.9806
23070.7,2,0.0571245,0.917349,-0.130302,-0.121903,-0.764393,-0.122861,0.0182122,0.84792,-0.0520503,0.0571216,-0.871133,0.130454,0,0,-22.0144,0,0,-21.9914,0,0,-28.0086,0,0,-27.9856
23074.6,2,0.0571245,0.917349,-0.130302,-0.123037,-0.762207,-0.128234,0.0195854,0.847284,-0.0490041,0.0571216,-0.871133,0.130454,0,0,-21.9918,0,0,-22.0021,0,0,-27.9979,0,0,-28.0082
23078.5,2,-0.0492277,1.54835,-1.51337,-0.124138,-0.76002,-0.133652,0.0209263,0.846628,-0.0458746,-0.0503908,-1.54959,1.51392,0,0,0.0113121,0,0,-44.0074,0,0,-55.9926,0,0,-0.0113121
23082.3,2,-0.0489136,1.54819,-1.5128,-0.125206,-0.75783,-0.139117,0.0222617,0.845961,-0.0426789,-0.050071,-1.54936,1.51335,0,0,1.02667,0,0,-45.8894,0,0,-54.1106,0,0,-1.02667
23086.3,2,-0.0467325,1.547,-1.50905,-0.126245,-0.755667,-0.144575,0.0236182,0.845292,-0.0394332,-0.0478365,-1.54771,1.50954,0,0,0.351805,0,0,-47.3225,0,0,-52.6775,0,0,-0.351805
23090.2,2,-0.0419417,1.54399,-1.49995,-0.127257,-0.753558,-0.149972,0.0249963,0.844647,-0.03619,-0.0429372,-1.54367,1.50033,0,0,-4.26429,0,0,-47.8041,0,0,-52.1959,0,0,4.26429
23094.2,2,-0.0350191,1.53837,-1.48433,-0.128243,-0.751505,-0.155308,0.0263965,0.844055,-0.033002,-0.0358701,-1.53656,1.48456,0,0,-3.10526,0,0,-49.6045,0,0,-50.3955,0,0,3.10526
23098.3,2,-0.0273577,1.52976,-1.46224,-0.129204,-0.749508,-0.160582,0.0278047,0.84351,-0.0298601,-0.0280638,-1.52624,1.4623,0,0,-1.49166,0,0,-50.5695,0,0,-49.4305,0,0,1.49166
23102.2,2,-0.0200225,1.51797,-1.43392,-0.13014,-0.747565,-0.165794,0.0291943,0.843005,-0.0267476,-0.020602,-1.51275,1.43383,0,0,-3.24773,0,0,-49.2419,0,0,-50.7581,0,0,3.24773
23106.3,2,-0.0135641,1.5031,-1.39982,-0.13105,-0.745679,-0.170944,0.0305532,0.842535,-0.023657,-0.0140401,-1.49626,1.39959,0,0,-3.67827,0,0,-47.7129,0,0,-52.2871,0,0,3.67827
23110.3,2,-0.00795296,1.48496,-1.35962,-0.131935,-0.743848,-0.176031,0.0318816,0.842099,-0.0205886,-0.00834517,-1.47661,1.35927,0,0,-2.49504,0,0,-49.1126,0,0,-50.8874,0,0,2.49504
23114.3,2,-0.00322314,1.46402,-1.31424,-0.132796,-0.742072,-0.181055,0.0331799,0.841699,-0.0175428,-0.00354947,-1.45426,1.31378,0,0,-0.152417,0,0,-49.9345,0,0,-50.0655,0,0,0.152417
23118.2,2,0.000731402,1.44105,-1.26512,-0.133632,-0.740353,-0.186016,0.0344745,0.841343,-0.0145362,0.000456234,-1.42996,1.26458,0,0,-0.743868,0,0,-47.8585,0,0,-52.1415,0,0,0.743868
23122.2,2,0.00409537,1.41661,-1.21336,-0.134444,-0.738689,-0.190913,0.0357921,0.84104,-0.0115853,0.0038602,-1.40428,1.21274,0,0,-0.548365,0,0,-47.9269,0,0,-52.0731,0,0,0.548365
23126.2,2,0.00712303,1.39041,-1.15808,-0.135232,-0.737082,-0.195746,0.0371325,0.840789,-0.00868983,0.00692056,-1.37681,1.15739,0,0,1.59608,0,0,-47.7525,0,0,-52.2475,0,0,-1.59608
23130.2,2,0.00982559,1.36407,-1.10258,-0.135997,-0.735531,-0.200514,0.0384958,0.840591,-0.00584971,0.00964878,-1.34922,1.10183,0,0,2.80852,0,0,-46.7192,0,0,-53.2808,0,0,-2.80852
23134.2,2,0.0123277,1.33803,-1.04762,-0.136737,-0.734036,-0.205218,0.0398819,0.840445,-0.00306474,0.0121716,-1.32191,1.04682,0,0,2.30684,0,0,-44.8646,0,0,-55.1354,0,0,-2.30684
23138.2,2,0.0147222,1.31289,-0.994272,-0.137454,-0.732597,-0.209856,0.041291,0.840352,-0.000334752,0.0145831,-1.29545,0.993415,0,0,2.35713,0,0,-43.7217,0,0,-56.2783,0,0,-2.35713
23142.4,2,0.0170772,1.28934,-0.943822,-0.138283,-0.732427,-0.212188,0.0427229,0.840311,0.00234045,0.016952,-1.27048,0.942913,0,0,4.09356,0,0,-42.5413,0,0,-57.4587,0,0,-4.09356
23146.2,2,0.0194171,1.26831,-0.898105,-0.13916,-0.732964,-0.213257,0.0441778,0.840322,0.00496106,0.0193034,-1.24796,0.897147,0,0,4.61959,0,0,-42.0978,0,0,-57.9022,0,0,-4.61959
23150.2,2,0.0218803,1.24962,-0.856559,-0.140013,-0.733532,-0.214313,0.0456556,0.840385,0.0075273,0.0217765,-1.22763,0.855554,0,0,5.01022,0,0,-38.4994,0,0,-61.5006,0,0,-5.01022
23154.1,2,0.0243939,1.23462,-0.821976,-0.140841,-0.734132,-0.215349,0.0471564,0.840501,0.0100394,0.0242982,-1.21088,0.820928,0,0,5.01568,0,0,-38.0646,0,0,-61.9354,0,0,-5.01568
23158.4,2,0.0271201,1.22288,-0.79319,-0.141646,-0.734767,-0.216367,0.0486801,0.840668,0.0124976,0.0270316,-1.19717,0.792099,0,0,6.9896,0,0,-38.912,0,0,-61.088,0,0,-6.9896
23162.4,2,0.0299794,1.21504,-0.771698,-0.142426,-0.735435,-0.217366,0.0502173,0.841235,0.0142589,0.0298969,-1.18724,0.77057,0,0,11.2155,0,0,-37.8244,0,0,-62.1756,0,0,-11.2155
23166.2,2,0.0330491,1.21072,-0.756581,-0.143181,-0.736137,-0.218345,0.0517885,0.84324,0.0134082,0.032972,-1.18063,0.75542,0,0,11.075,0,0,-38.2246,0,0,-61.7754,0,0,-11.075
23170.2,2,0.0363654,1.20956,-0.74708,-0.143912,-0.73685,-0.219303,0.0533352,0.84526,0.0125784,0.0362932,-1.17698,0.745893,0,0,13.5447,0,0,-36.2336,0,0,-63.7664,0,0,-13.5447
23174.2,2,0.0398541,1.21091,-0.742085,-0.144619,-0.737551,-0.220237,0.0548564,0.847294,0.0117754,0.0397864,-1.17569,0.74088,0,0,14.7493,0,0,-38.6216,0,0,-61.3784,0,0,-14.7493
23178.3,2,0.0434527,1.21366,-0.739615,-0.145302,-0.738241,-0.221146,0.0563522,0.84934,0.0109994,0.0433894,-1.17573,0.738403,0,0,14.8875,0,0,-39.9081,0,0,-60.0919,0,0,-14.8875
23182.2,2,0.0470026,1.21648,-0.737392,-0.145961,-0.738919,-0.222029,0.0578224,0.851399,0.0102503,0.0469435,-1.17588,0.736187,0,0,17.2642,0,0,-38.6993,0,0,-61.3007,0,0,-17.2642
23186.1,2,0.0505061,1.21854,-0.733806,-0.146595,-0.739586,-0.222887,0.0592669,0.853471,0.00952822,0.0504506,-1.17533,0.732623,0,0,17.2473,0,0,-39.786,0,0,-60.214,0,0,-17.2473
23190.1,2,0.0537806,1.21916,-0.727917,-0.147205,-0.740243,-0.223719,0.0606859,0.855556,0.0088331,0.0537278,-1.17353,0.726772,0,0,20.9598,0,0,-40.2379,0,0,-59.7621,0,0,-20.9598
23194.2,2,0.0567468,1.21791,-0.719071,-0.147791,-0.740889,-0.224524,0.0620793,0.857628,0.00816301,0.0566953,-1.17011,0.71798,0,0,21.3198,0,0,-40.5899,0,0,-59.4101,0,0,-21.3198
23198.2,2,0.0593712,1.21448,-0.706727,-0.148353,-0.741525,-0.225304,0.0634469,0.859662,0.00751566,0.0593194,-1.1648,0.705702,0,0,20.8148,0,0,-40.0153,0,0,-59.9847,0,0,-20.8148
23202.1,2,0.0615722,1.20877,-0.690849,-0.148914,-0.742137,-0.226083,0.0647889,0.86166,0.00689056,0.0615188,-1.15754,0.689903,0,0,24.4763,0,0,-40.2311,0,0,-59.7689,0,0,-24.4763
23206.1,2,0.0633734,1.20059,-0.671014,-0.1495,-0.742708,-0.226889,0.0661052,0.86362,0.00628721,0.0633168,-1.14813,0.670157,0,0,24.8451,0,0,-40.3949,0,0,-59.6051,0,0,-24.8451
23210.2,2,0.064724,1.19025,-0.647921,-0.150109,-0.74324,-0.227723,0.0673956,0.865544,0.00570514,0.0646629,-1.1369,0.647158,0,0,27.0834,0,0,-39.2735,0,0,-60.7265,0,0,-27.0834
23214.2,2,0.0656673,1.17793,-0.621833,-0.150741,-0.743732,-0.228585,0.0686604,0.867431,0.00514388,0.0656007,-1.12401,0.621166,0,0,27.0949,0,0,-39.0769,0,0,-60.9231,0,0,-27.0949
23218.1,2,0.0662476,1.164,-0.593365,-0.151397,-0.744184,-0.229473,0.0698993,0.869282,0.00460298,0.0661748,-1.10977,0.592794,0,0,27.556,0,0,-39.407,0,0,-60.593,0,0,-27.556
23222.1,2,0.0665247,1.14863,-0.562735,-0.152077,-0.744597,-0.230389,0.0711124,0.871097,0.00408199,0.0664452,-1.09432,0.562258,0,0,31.2173,0,0,-39.8009,0,0,-60.1991,0,0,-31.2173
23226,2,0.0665509,1.13221,-0.530571,-0.152781,-0.74497,-0.231333,0.0722996,0.872875,0.00358045,0.0664645,-1.078,0.530183,0,0,31.0177,0,0,-39.6223,0,0,-60.3777,0,0,-31.0177
23230.2,2,0.0663788,1.11504,-0.497371,-0.153507,-0.745303,-0.232303,0.073461,0.874617,0.00309794,0.0662854,-1.06108,0.497067,0,0,33.5413,0,0,-39.0325,0,0,-60.9675,0,0,-33.5413
23234.1,2,0.0660698,1.0981,-0.464888,-0.154234,-0.745612,-0.233274,0.0745965,0.876324,0.00263403,0.0659698,-1.04448,0.46466,0,0,34.2717,0,0,-39.5824,0,0,-60.4176,0,0,-34.2717
23238.1,2,0.0656754,1.08169,-0.433629,-0.154936,-0.745911,-0.234217,0.0757061,0.877995,0.00218831,0.0655693,-1.02846,0.433468,0,0,34.7014,0,0,-39.8435,0,0,-60.1565,0,0,-34.7014
23242.1,2,0.0652287,1.06587,-0.403635,-0.155615,-0.746201,-0.235131,0.0767898,0.879631,0.00176037,0.0651169,-1.01306,0.403533,0,0,37.7791,0,0,-39.3392,0,0,-60.6608,0,0,-37.7791
23246.1,2,0.0647755,1.05141,-0.376315,-0.156269,-0.746483,-0.236016,0.0778475,0.881232,0.0013498,0.0646587,-0.999015,0.376264,0,0,37.6702,0,0,-39.0385,0,0,-60.9615,0,0,-37.6702
23250.2,2,0.0643394,1.03847,-0.351943,-0.156899,-0.746755,-0.236873,0.0788793,0.882797,0.00095622,0.0642183,-0.986473,0.351934,0,0,40.9946,0,0,-38.738,0,0,-61.262,0,0,-40.9946
23254.1,2,0.0639551,1.02768,-0.33164,-0.157506,-0.74702,-0.2377,0.079885,0.884328,0.000579242,0.0638305,-0.976016,0.331663,0,0,41.2693,0,0,-38.7307,0,0,-61.2693,0,0,-41.2693
23258,2,0.0636329,1.01901,-0.31536,-0.158088,-0.747276,-0.238498,0.0808648,0.885824,0.000218493,0.0635055,-0.967626,0.315409,0,0,41.178,0,0,-38.5588,0,0,-61.4412,0,0,-41.178
23262.1,2,0.0633796,1.01244,-0.303055,-0.158646,-0.747525,-0.239266,0.0818174,0.887281,-0.000119848,0.0632502,-0.961279,0.303121,0,0,43,0,0,-37,0,0,-63,0,0,-43
23266.2,2,0.063204,1.00804,-0.294823,-0.15918,-0.747765,-0.240004,0.0827452,0.888708,-0.000449377,0.0630732,-0.957031,0.2949,0,0,43,0,0,-37,0,0,-63,0,0,-43
23270.1,2,0.0631018,1.00557,-0.290196,-0.159691,-0.747998,-0.240712,0.083647,0.890101,-0.000763793,0.0629703,-0.954642,0.290279,0,0,43,0,0,-37,0,0,-63,0,0,-43
23274.1,2,0.0630586,1.00455,-0.288297,-0.160177,-0.748223,-0.24139,0.0845226,0.891459,-0.00106339,0.0629267,-0.953661,0.288383,0,0,43,0,0,-37,0,0,-63,0,0,-43
23278,2,0.0630511,1.00438,-0.287992,-0.16064,-0.748441,-0.242037,0.0853723,0.892784,-0.0013485,0.0629192,-0.953503,0.288079,0,0,43,0,0,-37,0,0,-63,0,0,-43
23282.4,2,0.0630511,1.00438,-0.287992,-0.161079,-0.748652,-0.242653,0.0861958,0.894075,-0.00161945,0.0629192,-0.953503,0.288079,0,0,21,0,0,-15,0,0,-35,0,0,-71
23286.5,2,0.0630511,1.00438,-0.287992,-0.161494,-0.748855,-0.243238,0.0869933,0.895332,-0.00187655,0.0629192,-0.953503,0.288079,0,0,21,0,0,-15,0,0,-35,0,0,-71
23290.5,2,0.0630511,1.00438,-0.287992,-0.161885,-0.749052,-0.243792,0.0877646,0.896555,-0.00212011,0.0629192,-0.953503,0.288079,0,0,21,0,0,-15,0,0,-35,0,0,-71
23294.4,2,0.0630511,1.00438,-0.287992,-0.162252,-0.749241,-0.244314,0.0885099,0.897745,-0.00235043,0.0629192,-0.953503,0.288079,0,0,21,0,0,-15,0,0,-35,0,0,-71
23298.4,2,0.0630511,1.00438,-0.287992,-0.162596,-0.749425,-0.244805,0.089229,0.898902,-0.0025678,0.0629192,-0.953503,0.288079,0,0,21,0,0,-15,0,0,-35,0,0,-71
23302.5,2,0.0630511,1.00438,-0.287992,-0.162916,-0.749601,-0.245264,0.0899219,0.900025,-0.00277249,0.0629192,-0.953503,0.288079,0,0,21,0,0,-15,0,0,-35,0,0,-71
23306.5,2,0.0630511,1.00438,-0.287992,-0.163212,-0.749771,-0.245691,0.0905888,0.901116,-0.00296479,0.0629192,-0.953503,0.288079,0,0,21,0,0,-15,0,0,-35,0,0,-71
23310.4,2,0.0630511,1.00438,-0.287992,-0.163484,-0.749935,-0.246086,0.0912294,0.902173,-0.00314495,0.0629192,-0.953503,0.288079,0,0,21,0,0,-15,0,0,-35,0,0,-71
23314.4,2,0.0630511,1.00438,-0.287992,-0.163733,-0.750092,-0.24645,0.091844,0.903198,-0.00331324,0.0629192,-0.953503,0.288079,0,0,21,0,0,-15,0,0,-35,0,0,-71
23318.4,2,0.0630511,1.00438,-0.287992,-0.163958,-0.750243,-0.246781,0.0924323,0.90419,-0.00346989,0.0629192,-0.953503,0.288079,0,0,21,0,0,-15,0,0,-35,0,0,-71
23322.5,2,0.0630511,1.00438,-0.287992,-0.164159,-0.750388,-0.247079,0.0929945,0.905149,-0.00361515,0.0629192,-0.953503,0.288079,0,0,21,0,0,-15,0,0,-35,0,0,-71
23326.3,2,0.0630511,1.00438,-0.287992,-0.164337,-0.750527,-0.247345,0.0935305,0.906076,-0.00374926,0.0629192,-0.953503,0.288079,0,0,21,0,0,-15,0,0,-35,0,0,-71
23330.4,2,0.0630511,1.00438,-0.287992,-0.16449,-0.75066,-0.247579,0.0940403,0.90697,-0.00387242,0.0629192,-0.953503,0.288079,0,0,21,0,0,-15,0,0,-35,0,0,-71
23334.5,2,0.0630511,1.00438,-0.287992,-0.097799,-0.719261,-0.356501,0.179144,0.868067,0.182654,0.0629192,-0.953503,0.288079,0,0,-1,0,0,7,0,0,-7,0,0,-99
23338.5,2,0.0630511,1.00438,-0.287992,-0.0978238,-0.719699,-0.355704,0.179183,0.868523,0.181849,0.0629192,-0.953503,0.288079,0,0,-1,0,0,7,0,0,-7,0,0,-99
23342.4,2,0.0630511,1.00438,-0.287992,-0.0979765,-0.722415,-0.350766,0.179421,0.871345,0.176862,0.0629192,-0.953503,0.288079,0,0,-1,0,0,7,0,0,-7,0,0,-99
23346.4,2,0.0630511,1.00438,-0.287992,-0.0983602,-0.729215,-0.338407,0.180011,0.878412,0.164373,0.0629192,-0.953503,0.288079,0,0,-1,0,0,7,0,0,-7,0,0,-99
23350.4,2,0.0630511,1.00438,-0.287992,-0.0990473,-0.741249,-0.316553,0.181056,0.890936,0.142259,0.0629192,-0.953503,0.288079,0,0,-1,0,0,7,0,0,-7,0,0,-99
23354.3,2,0.0630511,1.00438,-0.287992,-0.100084,-0.758889,-0.284577,0.182602,0.909353,0.109809,0.0629192,-0.953503,0.288079,0,0,-1,0,0,7,0,0,-7,0,0,-99
23358.4,2,0.0630511,1.00438,-0.287992,-0.101527,-0.782488,-0.241922,0.184712,0.934105,0.0663543,0.0629192,-0.953503,0.288079,0,0,-1,0,0,7,0,0,-7,0,0,-99
23362.4,2,0.0630511,1.00438,-0.287992,-0.103374,-0.811172,-0.190281,0.187353,0.964368,0.013493,0.0629192,-0.953503,0.288079,0,0,-1,0,0,7,0,0,-7,0,0,-99
23366.5,2,0.0630511,1.00438,-0.287992,-0.105656,-0.844445,-0.130677,0.190531,0.999725,-0.0478587,0.0629192,-0.953503,0.288079,0,0,-1,0,0,7,0,0,-7,0,0,-99
23370.3,2,0.0630511,1.00438,-0.287992,-0.108368,-0.881299,-0.0650591,0.194193,1.03921,-0.115815,0.0629192,-0.953503,0.288079,0,0,-1,0,0,7,0,0,-7,0,0,-99
23374.5,2,0.0630511,1.00438,-0.287992,-0.111545,-0.921257,0.00558189,0.198323,1.0824,-0.189454,0.0629192,-0.953503,0.288079,0,0,-1,0,0,7,0,0,-7,0,0,-99
23378.3,2,0.0630511,1.00438,-0.287992,-0.11499,-0.961258,0.0757532,0.202591,1.12605,-0.263092,0.0629192,-0.953503,0.288079,0,0,-1,0,0,7,0,0,-7,0,0,-99
23382.3,2,0.0630511,1.00438,-0.287992,-0.118901,-1.00316,0.148658,0.207143,1.17223,-0.340106,0.0629192,-0.953503,0.288079,0,0,-1,0,0,7,0,0,-7,0,0,-99
23386.3,2,0.0630511,1.00438,-0.287992,-0.123001,-1.04377,0.218728,0.211516,1.2174,-0.414597,0.0629192,-0.953503,0.288079,0,0,-1,0,0,7,0,0,-7,0,0,-99
23390.3,2,0.0630511,1.00438,-0.287992,-0.127301,-1.08339,0.286567,0.215549,1.26182,-0.487108,0.0629192,-0.953503,0.288079,0,0,-1,0,0,7,0,0,-7,0,0,-99
23394.4,2,0.0630511,1.00438,-0.287992,-0.131679,-1.12126,0.351056,0.218864,1.30449,-0.556303,0.0629192,-0.953503,0.288079,0,0,-1,0,0,7,0,0,-7,0,0,-99
23398.4,2,0.0630511,1.00438,-0.287992,-0.135844,-1.15566,0.409479,0.220918,1.34316,-0.619038,0.0629192,-0.953503,0.288079,0,0,-1,0,0,7,0,0,-7,0,0,-99
23402.4,2,0.0630511,1.00438,-0.287992,-0.139606,-1.18612,0.461387,0.221242,1.37691,-0.674537,0.0629192,-0.953503,0.288079,0,0,-1,0,0,7,0,0,-7,0,0,-99
23406.3,2,0.0630511,1.00438,-0.287992,-0.142774,-1.21235,0.506684,0.219327,1.40494,-0.72236,0.0629192,-0.953503,0.288079,0,0,-1,0,0,7,0,0,-7,0,0,-99
23410.4,2,0.0630511,1.00438,-0.287992,-0.14511,-1.23389,0.544984,0.214663,1.42615,-0.76171,0.0629192,-0.953503,0.288079,0,0,-1,0,0,7,0,0,-7,0,0,-99
23414.4,2,0.0630511,1.00438,-0.287992,-0.146399,-1.25032,0.575918,0.206898,1.43956,-0.791865,0.0629192,-0.953503,0.288079,0,0,-1,0,0,7,0,0,-7,0,0,-99
23418.4,2,0.0630511,1.00438,-0.287992,-0.146512,-1.26124,0.598899,0.196309,1.44471,-0.812119,0.0629192,-0.953503,0.288079,0,0,-1,0,0,7,0,0,-7,0,0,-99
23422.3,2,0.0630511,1.00438,-0.287992,-0.14547,-1.26739,0.615355,0.182869,1.44228,-0.823846,0.0629192,-0.953503,0.288079,0,0,-1,0,0,7,0,0,-7,0,0,-99
23426.3,2,0.0630511,1.00438,-0.287992,-0.143386,-1.26925,0.625885,0.167255,1.43326,-0.827866,0.0629192,-0.953503,0.288079,0,0,-1,0,0,7,0,0,-7,0,0,-99
23430.7,2,0.0630511,1.00438,-0.287992,-0.140512,-1.26783,0.631873,0.150241,1.41939,-0.825949,0.0629192,-0.953503,0.288079,0,0,-1,0,0,7,0,0,-7,0,0,-99
23434.4,2,0.0630511,1.00438,-0.287992,-0.137187,-1.26453,0.635281,0.132571,1.40286,-0.820549,0.0629192,-0.953503,0.288079,0,0,-1,0,0,7,0,0,-7,0,0,-99
23438.3,2,0.0630511,1.00438,-0.287992,-0.133998,-1.26085,0.637751,0.115187,1.38608,-0.814086,0.0629192,-0.953503,0.288079,0,0,-1,0,0,7,0,0,-7,0,0,-99
23442.2,2,0.0630511,1.00438,-0.287992,-0.132051,-1.25719,0.637832,0.0996415,1.37079,-0.806585,0.0629192,-0.953503,0.288079,0,0,-1,0,0,7,0,0,-7,0,0,-99
23446.4,2,0.0630511,1.00438,-0.287992,-0.132306,-1.25348,0.633601,0.0867755,1.35769,-0.797314,0.0629192,-0.953503,0.288079,0,0,-1,0,0,7,0,0,-7,0,0,-99
23450.4,2,0.0630511,1.00438,-0.287992,-0.135413,-1.24991,0.62391,0.0780605,1.34815,-0.786396,0.0629192,-0.953503,0.288079,0,0,-1,0,0,7,0,0,-7,0,0,-99
23454.2,2,0.0630511,1.00438,-0.287992,-0.141566,-1.24632,0.608102,0.0737855,1.34239,-0.773677,0.0629192,-0.953503,0.288079,0,0,-1,0,0,7,0,0,-7,0,0,-99
23458.2,2,0.0630511,1.00438,-0.287992,-0.150902,-1.24239,0.585319,0.0740371,1.34027,-0.758694,0.0629192,-0.953503,0.288079,0,0,-1,0,0,7,0,0,-7,0,0,-99
23462.4,2,0.0630511,1.00438,-0.287992,-0.163203,-1.2377,0.555229,0.0788237,1.3416,-0.741213,0.0629192,-0.953503,0.288079,0,0,-1,0,0,7,0,0,-7,0,0,-99
23466.4,2,0.0630511,1.00438,-0.287992,-0.177674,-1.23191,0.518676,0.0875984,1.34565,-0.721419,0.0629192,-0.953503,0.288079,0,0,-1,0,0,7,0,0,-7,0,0,-99
23470.3,2,0.0630511,1.00438,-0.287992,-0.19349,-1.22466,0.476645,0.0994938,1.35142,-0.699393,0.0629192,-0.953503,0.288079,0,0,-1,0,0,7,0,0,-7,0,0,-99
23474.3,2,0.0630511,1.00438,-0.287992,-0.210467,-1.21542,0.42855,0.114092,1.35814,-0.674397,0.0629192,-0.953503,0.288079,0,0,-1,0,0,7,0,0,-7,0,0,-99
23478.2,2,0.0630511,1.00438,-0.287992,-0.227599,-1.20418,0.376324,0.130272,1.36474,-0.647062,0.0629192,-0.953503,0.288079,0,0,-1,0,0,7,0,0,-7,0,0,-99
23482.2,2,0.0630511,1.00438,-0.287992,-0.244508,-1.19088,0.320544,0.147393,1.37056,-0.617411,0.0629192,-0.953503,0.288079,0,0,-1,0,0,7,0,0,-7,0,0,-99
23486.4,2,0.0630511,1.00438,-0.287992,-0.26117,-1.17525,0.260805,0.165206,1.37512,-0.58505,0.0629192,-0.953503,0.288079,0,0,-1,0,0,7,0,0,-7,0,0,-99
23490.3,2,0.0630511,1.00438,-0.287992,-0.276269,-1.15859,0.201914,0.182061,1.37789,-0.552537,0.0629192,-0.953503,0.288079,0,0,-1,0,0,7,0,0,-7,0,0,-99
23494.3,2,0.0630511,1.00438,-0.287992,-0.289989,-1.14106,0.143875,0.197902,1.37899,-0.519966,0.0629192,-0.953503,0.288079,0,0,-1,0,0,7,0,0,-7,0,0,-99
23498.3,2,0.0630511,1.00438,-0.287992,-0.30242,-1.12293,0.0869982,0.212655,1.37857,-0.487626,0.0629192,-0.953503,0.288079,0,0,-1,0,0,7,0,0,-7,0,0,-99
23502.4,2,0.0630511,1.00438,-0.287992,-0.313231,-1.10517,0.0337531,0.225777,1.37696,-0.457057,0.0629192,-0.953503,0.288079,0,0,-1,0,0,7,0,0,-7,0,0,-99
23506.3,2,0.0630511,1.00438,-0.287992,-0.322283,-1.0887,-0.0139022,0.236968,1.37458,-0.429527,0.0629192,-0.953503,0.288079,0,0,-1,0,0,7,0,0,-7,0,0,-99
23510.3,2,0.0630511,1.00438,-0.287992,-0.329635,-1.07413,-0.0549088,0.246197,1.37191,-0.405757,0.0629192,-0.953503,0.288079,0,0,-1,0,0,7,0,0,-7,0,0,-99
23514.3,2,0.0630511,1.00438,-0.287992,-0.335293,-1.06211,-0.0880117,0.253392,1.36937,-0.386543,0.0629192,-0.953503,0.288079,0,0,-1,0,0,7,0,0,-7,0,0,-99
23518.3,2,0.0630511,1.00438,-0.287992,-0.339497,-1.0527,-0.113534,0.258796,1.36719,-0.371725,0.0629192,-0.953503,0.288079,0,0,-1,0,0,7,0,0,-7,0,0,-99
